Gene,BF,LoF.BF,nonLoF.BF
LPA,0.000695087,0.1870001,0.003717038
MTOR,0.271680662,1.181973542,0.229853421
PTCHD2,0.543487116,0.626985674,0.866825412
UBR4,1.601234462,2.00895242,0.79704947
CSMD2,0.044555627,1.373014326,0.032450956
NCDN,0.885799778,1.885168339,0.469878344
SZT2,0.039630929,0.393111036,0.100813576
JAK1,0.145234692,0.626985674,0.23163957
PTGER3,0.282851864,0.291052608,0.971823843
RBM15,1.127770076,0.626985674,1.798717455
ATP1A1,0.502188287,0.626985674,0.800956557
TCHH,0.72887137,1.151755572,0.632835115
INTS3,2.154345885,0.626985674,3.436036856
ADAR,4.613622633,1.373014326,3.36021449
KCNN3,0.976455477,1.373014326,0.711176467
ASH1L,0.105476406,1.236621032,0.085294042
ATP1A2,1.352703884,0.860860313,1.571339582
DNM3,3.441307105,1.373014326,2.506388346
NAV1,2.143632784,0.860860313,2.49010525
ACTA1,0.977187203,1.373014326,0.711709401
RYR2,0.051158634,0.626985674,0.081594582
DIP2C,1.345970328,2.00895242,0.669986165
ASAH2,0.208909601,0.291007965,0.717882761
HK1,0.583512086,1.373014326,0.42498616
PANK1,2.220549776,1.373014326,1.617280851
ADRA2A,1.108012542,1.373014326,0.806992703
IPO7,0.381319629,0.393111036,0.970004895
CTR9,0.077884228,0.393111036,0.198122721
CAPRIN1,0.428659898,0.860860313,0.497943618
CHST1,1.591274963,1.373014326,1.158964574
LRP4,1.19323709,0.860860313,1.386098386
EML3,0.853494303,0.860860313,0.991443432
LTBP3,1.740547883,1.885168339,0.923285124
B3GNT1,1.059731765,1.373014326,0.77182863
ABCG4,0.551053408,0.516895117,1.066083602
PRDM10,0.713917097,1.373014326,0.519963327
KCNA1,0.585499706,0.626985674,0.933832669
ITPR2,0.109328721,1.181973542,0.092496758
FMNL3,0.261912935,0.626985674,0.417733524
LRP1,0.535683775,1.373014326,0.390151628
CIT,0.974995714,1.373014326,0.710113286
GCN1L1,0.228168064,1.373014326,0.166180395
KDM2B,0.203784102,0.465860353,0.437436028
UBC,0.527317164,0.626985674,0.841035426
EP400,27.19722715,0.922758458,29.47383134
ZNF605,1.431784463,1.373014326,1.042803732
KBTBD6,0.453766667,0.860860313,0.52710836
PCDH17,0.782225391,0.626985674,1.247596912
MYCBP2,0.476521028,2.588363135,0.184101304
NALCN,0.76134251,0.741080478,1.027341203
ARHGEF7,0.128965688,0.626985674,0.205691603
SUPT16H,1.740527835,1.373014326,1.2676691
CHD8,7.779480467,1.373014326,5.665986378
METTL3,4.426548043,1.373014326,3.223963479
MYH7,0.102589058,1.181973542,0.086794716
HECTD1,0.864254633,1.373014326,0.629457841
RALGAPA1,0.748162325,1.373014326,0.544904966
TRIM9,0.406946457,0.626985674,0.649052242
ACOT1,0.626985674,0.626985674,1
EML5,0.678338052,1.259584388,0.538541171
SMEK1,2.60391396,1.373014326,1.896494386
DYNC1H1,16.7231281,1.373014326,12.17986425
CHRFAM7A,1.373014326,1.373014326,1
RHOV,1.373014326,1.373014326,1
MYO5A,0.528958432,1.885168339,0.280589495
HERC1,0.093574866,0.626985674,0.149245621
RASGRF1,0.828059051,0.626985674,1.320698518
GTF3C1,0.385919379,0.626985674,0.615515465
TAOK2,0.260420509,0.516895117,0.503816927
ZNF768,1.322946768,1.373014326,0.96353457
KAT8,0.842166458,0.626985674,1.343198884
CYLD,1.91257935,1.373014326,1.392978438
CNOT1,1.524829019,0.626985674,2.431999776
DHX38,2.001489749,0.626985674,3.192241595
GLG1,4.193183571,1.885168339,2.224301929
PRPF8,0.650703027,1.373014326,0.47392297
HIC1,0.448189393,0.516895117,0.867079952
CHRNE,0.542514938,1.012016225,0.53607336
KIAA0100,0.027885769,1.373014326,0.02030989
MYO18A,0.09903835,1.012016225,0.097862413
NF1,0.113024433,0.860860313,0.131292419
ASIC2,2.541957814,1.885168339,1.348398316
AP2B1,1.985424851,1.373014326,1.446033602
ACACA,3.836177818,1.373014326,2.793982369
KLHL11,0.26255259,0.393111036,0.667884049
STAT5A,1.28770266,0.626985674,2.053799174
CNTNAP1,0.107852775,1.181973542,0.091248045
DHX8,1.829325851,2.00895242,0.910586947
NSF,1.019153912,1.373014326,0.742274784
MIB1,1.701832745,2.719936198,0.62568848
C3,0.195383708,0.626985674,0.311623879
INSR,2.060700386,1.373014326,1.50085862
SIN3B,0.13823744,0.337797816,0.409231301
UNC13A,2.242487034,0.626985674,3.576616063
KCNN1,0.751297814,0.626985674,1.198269506
COMP,0.866723351,1.373014326,0.631255869
UPF1,2.133477277,1.373014326,1.553863814
CHST8,0.960996005,0.860860313,1.116320489
ATP4A,1.193269429,1.885168339,0.632977652
CLIP3,0.262247288,0.626985674,0.418266794
RYR1,0.105221012,0.28234507,0.372668139
SPTBN4,0.497018431,1.373014326,0.36199071
ZNF835,0.240954763,0.464144568,0.519137311
PXDN,3.208679628,1.373014326,2.336960051
CAD,0.786060465,0.626985674,1.253713597
GFPT1,0.875101073,1.373014326,0.637357569
HTRA2,0.474855698,0.626985674,0.757362916
SNRNP200,3.663331515,1.373014326,2.668094168
ANAPC1,4.615793605,1.373014326,3.361795663
WDR33,0.569163167,0.626985674,0.907776989
LCT,0.018241549,0.324085834,0.056286165
SLC4A10,0.319261014,0.393111036,0.812139537
SCN3A,0.240507106,0.626985674,0.383592666
NCKAP1,1.661108183,1.373014326,1.20982582
STAT1,1.878083668,1.373014326,1.367854387
TUBA4A,1.057589171,1.373014326,0.770268126
SPEG,0.339653555,0.516895117,0.65710343
PRR21,0.480035273,0.626985674,0.76562399
HDLBP,0.804118878,1.885168339,0.426550172
LRRN4,1.392560369,1.373014326,1.014235862
PLCG1,0.843030053,1.373014326,0.613999459
CHD6,1.899465881,0.860860313,2.20647398
ATP9A,1.144355991,1.373014326,0.833462528
PRPF6,0.528072012,0.626985674,0.842239358
ADAMTS5,0.718389133,0.860860313,0.834501396
ITSN1,2.424636469,1.373014326,1.765922193
DSCAM,0.786498965,1.885168339,0.417203572
PI4KA,0.247932522,0.741080478,0.334555463
SF3A1,0.671902706,1.373014326,0.489363216
MORC2,0.641324911,0.393111036,1.631409074
BRD1,0.054198718,0.626985674,0.086443311
ITPR1,0.564369054,1.373014326,0.41104382
SATB1,0.545026806,1.373014326,0.396956387
CLASP2,2.812822919,1.373014326,2.048647903
SCN5A,0.063613064,1.373014326,0.046330954
SMARCC1,0.168934498,1.373014326,0.123039137
PLXNB1,7.507818115,1.373014326,5.468128027
CELSR3,0.015290997,0.246474988,0.062038738
ATP6V1A,1.454247077,1.373014326,1.059163804
ADCY5,1.316149187,1.373014326,0.958583725
KALRN,5.57783135,1.373014326,4.062471342
PLXND1,0.266654599,0.737076231,0.361773433
ABCC5,0.074792138,0.324085834,0.230778794
DVL3,0.415865462,0.626985674,0.663277455
EIF4A2,0.61266535,0.626985674,0.977160045
HTT,0.061060277,0.626985674,0.097387037
PPP2R2C,0.634769605,0.467276973,1.358444011
FRYL,2.831614496,0.539747084,5.246187672
NOA1,0.185231611,0.539747084,0.343182236
POLR2B,0.84588929,0.626985674,1.349136551
WDFY3,0.072462799,1.373014326,0.052776434
KIAA1109,0.310030697,0.338413689,0.916129303
TBC1D9,1.304456458,1.373014326,0.950067624
CLCN3,0.915823615,0.626985674,1.460677098
ADCY2,2.179126747,1.373014326,1.587111442
IL6ST,1.273744666,0.860860313,1.479618292
HMGCR,0.245524771,1.373014326,0.178821711
MEF2C,1.147860184,1.373014326,0.836014718
DDX46,0.440031365,0.551394005,0.798034365
TRPC7,0.661273437,0.709704401,0.931758964
CTNNA1,1.100639565,0.860860313,1.278534448
IK,0.64650868,1.373014326,0.470868124
CYFIP2,1.14943304,1.373014326,0.837160268
F12,1.013678552,1.373014326,0.738286945
DDX41,0.18910323,0.224143885,0.843668923
DHX16,0.233227455,0.462136238,0.504672511
MDC1,1.245445797,0.626985674,1.986402318
VARS2,1.300646089,1.885168339,0.689936311
VARS,1.142282433,1.373014326,0.831952305
ITPR3,0.810052394,0.737076231,1.099007619
DEF6,1.694460967,0.626985674,2.702551329
TMEM63B,0.540533272,0.626985674,0.862114231
DOPEY1,0.278290403,1.181973542,0.235445543
HIVEP2,0.77316418,0.860860313,0.89812966
CARD11,0.390479026,1.373014326,0.284395449
HECW1,0.246339665,1.373014326,0.179415218
ACTL6B,0.543646708,0.626985674,0.867079952
MKLN1,0.672328827,0.626985674,1.07231928
XPO7,0.618656901,0.626985674,0.986716166
ARHGAP39,0.528651413,0.922758458,0.572903352
TLN1,0.636437486,1.373014326,0.463533026
NPR2,0.366346186,0.737076231,0.497026183
TRPM3,0.114991593,0.606894725,0.189475354
DAPK1,0.19425082,1.373014326,0.141477635
GABBR2,2.90494508,1.373014326,2.115742732
RNF20,2.032385765,0.737076231,2.757361692
ZNF462,0.320953821,0.393111036,0.816445717
ZER1,0.27693315,1.373014326,0.201697204
LRRC8A,0.779918709,1.373014326,0.568033919
GTF3C4,1.984857113,0.626985674,3.165713659
BRD3,0.483326678,0.626985674,0.770873559
KIF1B,0.709530291,1,0.709530291
TRIM46,1.111311969,1,1.111311969
PITPNM2,0.295661757,1,0.295661757
SEMA6D,0.299838448,1,0.299838448
MAST4,0.679428986,1,0.679428986
GRM1,0.482617457,1,0.482617457
DLGAP3,1.070580715,1,1.070580715
MACF1,1.841147324,1,1.841147324
LRRC7,0.41152815,1,0.41152815
RSBN1,1.082403354,1,1.082403354
NOTCH2,0.115435162,1,0.115435162
TPR,1.599765663,1,1.599765663
KIF21B,0.351090642,1,0.351090642
CEP170,0.628407398,1,0.628407398
ANXA8L1,1,1,1
EIF3A,0.370986484,1,0.370986484
ESPL1,0.398468564,1,0.398468564
AGAP2,1.868594637,1,1.868594637
CAND1,1.377533787,1,1.377533787
NOS1,0.363382655,1,0.363382655
CYFIP1,47.17229911,1,47.17229911
INO80,4.981063992,1,4.981063992
FBN1,19.28100247,1,19.28100247
CHD2,0.602829878,1,0.602829878
SMG1,1.384272834,1,1.384272834
SRCAP,13.95860621,1,13.95860621
CHD3,0.678062529,1,0.678062529
NCOR1,0.353256127,1,0.353256127
SUPT6H,0.337860121,1,0.337860121
ACLY,0.562688208,1,0.562688208
PTRF,1.202661566,1,1.202661566
GALR2,0.65506429,1,0.65506429
RPTOR,0.45125892,1,0.45125892
TUBB6,1.468832517,1,1.468832517
ZNF236,1.002541352,1,1.002541352
AP3D1,0.977431419,1,0.977431419
XAB2,1.470991786,1,1.470991786
DNM2,0.728776096,1,0.728776096
NOTCH3,3.402316114,1,3.402316114
ZNF536,0.592791693,1,0.592791693
MAP4K1,1.514497037,1,1.514497037
ADCY3,0.241751249,1,0.241751249
BIRC6,0.005731427,1,0.005731427
PRKCE,0.765597622,1,0.765597622
USP34,0.725736671,1,0.725736671
SCN2A,0.42583874,1,0.42583874
DYRK1A,0.840938976,1,0.840938976
BCR,0.493729948,1,0.493729948
ZNRF3,0.798141809,1,0.798141809
MYH9,0.379072234,1,0.379072234
ATP2B2,0.730897799,1,0.730897799
CADPS,0.140424155,1,0.140424155
TSC22D2,0.880386335,1,0.880386335
MED12L,0.037484403,1,0.037484403
TNIK,0.325634073,1,0.325634073
TP63,4.972342291,1,4.972342291
RBM47,1.474878522,1,1.474878522
TRIO,0.028635053,1,0.028635053
PRRC2A,0.67250691,1,0.67250691
SRF,1.383163611,1,1.383163611
OGDH,1.136683374,1,1.136683374
AUTS2,0.71185988,1,0.71185988
FLNC,0.336539792,1,0.336539792
PLXNA4,0.441455832,1,0.441455832
TRIM24,1.591200621,1,1.591200621
ZNF777,1.592484801,1,1.592484801
VCPIP1,1.01523232,1,1.01523232
ARFGEF1,0.862105048,1,0.862105048
CPSF1,1.130054628,1,1.130054628
CNTNAP3,1.200294264,1,1.200294264
PCSK5,0.905111152,1,0.905111152
HSPA5,0.709013247,1,0.709013247
SPTAN1,0.028141118,1,0.028141118
TSC1,0.033807599,1,0.033807599
CHD5,0.255901384,1,0.255901384
RERE,0.334366131,1,0.334366131
PIK3CD,0.372924689,1,0.372924689
SPEN,1.106929402,1,1.106929402
ZBTB17,1.435357576,1,1.435357576
KDM1A,0.948980477,1,0.948980477
HNRNPR,0.447864395,1,0.447864395
TMEM57,1.331886452,1,1.331886452
RPS6KA1,1.678921895,1,1.678921895
WDTC1,1.117477408,1,1.117477408
OPRD1,0.759707011,1,0.759707011
PUM1,0.878058325,1,0.878058325
BAI2,1.272401928,1,1.272401928
KPNA6,0.596323874,1,0.596323874
EIF3I,0.948556628,1,0.948556628
ZMYM4,0.384315027,1,0.384315027
KCNQ4,1.119883909,1,1.119883909
JUN,0.681547109,1,0.681547109
SERBP1,1.079194525,1,1.079194525
AMPD2,2.01839488,1,2.01839488
AHCYL1,1.078316749,1,1.078316749
KCNA3,1.53907464,1,1.53907464
KCND3,0.949576856,1,0.949576856
GPR89A,0.895504487,1,0.895504487
SETDB1,0.457183568,1,0.457183568
PI4KB,1.500057978,1,1.500057978
POGZ,0.241752445,1,0.241752445
DENND4B,0.536517385,1,0.536517385
UBAP2L,0.454761583,1,0.454761583
ARHGEF2,0.351335021,1,0.351335021
MEX3A,1.158964574,1,1.158964574
LMNA,1.139893501,1,1.139893501
COPA,0.269899434,1,0.269899434
POGK,0.664262125,1,0.664262125
CACNA1E,0.44403626,1,0.44403626
DHX9,0.517856742,1,0.517856742
CDC73,1.434594634,1,1.434594634
TMCC2,0.594898492,1,0.594898492
PROX1,1.901254922,1,1.901254922
FMN2,0.286569542,1,0.286569542
HNRNPU,0.926647621,1,0.926647621
ZMYND11,0.465089545,1,0.465089545
GATA3,0.864223052,1,0.864223052
CELF2,1.27792859,1,1.27792859
GDF10,1.297905778,1,1.297905778
EGR2,0.72938408,1,0.72938408
PPP3CB,0.915449247,1,0.915449247
KCNMA1,0.339245202,1,0.339245202
ZMIZ1,0.411158099,1,0.411158099
GLUD1,0.9818346,1,0.9818346
ACTA2,0.660210956,1,0.660210956
BTAF1,0.472004847,1,0.472004847
SLIT1,1.338672099,1,1.338672099
WNT8B,0.917601512,1,0.917601512
TRIM8,1.487152842,1,1.487152842
CNNM2,1.578267063,1,1.578267063
INA,0.746798963,1,0.746798963
SMC3,0.826412302,1,0.826412302
TCF7L2,0.841035426,1,0.841035426
PDZD8,1.310907742,1,1.310907742
EBF3,0.792382305,1,0.792382305
B4GALNT4,0.928207488,1,0.928207488
BRSK2,1.529493184,1,1.529493184
TRIM3,2.986539932,1,2.986539932
CSTF3,1.782286788,1,1.782286788
DGKZ,0.736445192,1,0.736445192
RTN4RL2,1.030506748,1,1.030506748
DDB1,2.294934192,1,2.294934192
DAGLA,0.586591974,1,0.586591974
MARK2,0.935784543,1,0.935784543
PLCB3,0.866729401,1,0.866729401
NRXN2,1.190583028,1,1.190583028
SF1,0.877752888,1,0.877752888
MEN1,0.555535647,1,0.555535647
PCNXL3,1.135505551,1,1.135505551
PACS1,0.876843883,1,0.876843883
RBM14,1.283173684,1,1.283173684
SPTBN2,1.226857688,1,1.226857688
PC,0.46078785,1,0.46078785
KDM2A,0.473837517,1,0.473837517
ADRBK1,0.613600649,1,0.613600649
PPP1CA,1.132493876,1,1.132493876
PITPNM1,1.158964574,1,1.158964574
PDE2A,1.538148237,1,1.538148237
GRM5,0.776552354,1,0.776552354
ZBTB16,0.729742108,1,0.729742108
DSCAML1,0.033418208,1,0.033418208
BCL9L,0.4242309,1,0.4242309
HSPA8,1.250748224,1,1.250748224
STT3A,1.565812123,1,1.565812123
ADAMTS15,0.792787847,1,0.792787847
IGSF9B,1.199512484,1,1.199512484
B3GAT1,1.098953984,1,1.098953984
WNK1,0.192145148,1,0.192145148
CACNA1C,0.178654667,1,0.178654667
CHD4,1.024037752,1,1.024037752
GRIN2B,0.248513719,1,0.248513719
DDX23,1.739918538,1,1.739918538
DHH,0.483217192,1,0.483217192
ASIC1,0.48584764,1,0.48584764
SLC4A8,4.004486156,1,4.004486156
SCN8A,1.652252501,1,1.652252501
ACVR1B,0.461061563,1,0.461061563
MAP3K12,0.508443656,1,0.508443656
SMARCC2,0.391124451,1,0.391124451
ANKRD52,1.213054182,1,1.213054182
KIF5A,0.943852473,1,0.943852473
CPSF6,1.168940324,1,1.168940324
PPFIA2,0.372042769,1,0.372042769
ATP2B1,0.937299274,1,0.937299274
PLXNC1,0.166972948,1,0.166972948
HCFC2,0.744585554,1,0.744585554
ATP2A2,0.645399798,1,0.645399798
CUX2,1.158964574,1,1.158964574
MED13L,0.247331841,1,0.247331841
KSR2,0.312272476,1,0.312272476
FZD10,1.091054611,1,1.091054611
PSPC1,0.867079952,1,0.867079952
XPO4,0.764649131,1,0.764649131
CDK8,1.17855166,1,1.17855166
FRY,0.095741188,1,0.095741188
PDS5B,1.812432225,1,1.812432225
NBEA,0.617965846,1,0.617965846
DCLK1,0.3830397,1,0.3830397
IPO5,0.99825561,1,0.99825561
ZIC2,1.283173684,1,1.283173684
ARGLU1,0.857504992,1,0.857504992
NYNRIN,0.631613492,1,0.631613492
BAZ1A,4.42458701,1,4.42458701
FOXA1,0.712027149,1,0.712027149
KCNH5,1.015538344,1,1.015538344
HSPA2,0.797197189,1,0.797197189
GPHN,0.83335035,1,0.83335035
ACTN1,1.686918914,1,1.686918914
RBM25,1.214063818,1,1.214063818
DICER1,0.258377837,1,0.258377837
BCL11B,0.841035426,1,0.841035426
CYP46A1,0.557373818,1,0.557373818
NIPA1,0.898015315,1,0.898015315
UBE3A,0.813776686,1,0.813776686
HERC2,0.12605744,1,0.12605744
SLC12A6,0.983299488,1,0.983299488
ACTC1,0.709011297,1,0.709011297
AQR,0.391683513,1,0.391683513
MEIS2,0.519010491,1,0.519010491
RTF1,0.572502035,1,0.572502035
CKMT1B,0.973937455,1,0.973937455
FOXB1,0.680482242,1,0.680482242
SKOR1,1.158964574,1,1.158964574
PIAS1,0.982712313,1,0.982712313
FEM1B,0.985532171,1,0.985532171
TLE3,0.96296816,1,0.96296816
ARIH1,1.070718872,1,1.070718872
HCN4,0.308240569,1,0.308240569
CSK,1.158964574,1,1.158964574
SIN3A,0.510825053,1,0.510825053
LINGO1,2.536092866,1,2.536092866
SLCO3A1,1.030640113,1,1.030640113
MAPK8IP3,1.328671001,1,1.328671001
CASKIN1,0.800954354,1,0.800954354
ZSCAN10,1.629196504,1,1.629196504
CREBBP,2.431131603,1,2.431131603
USP7,0.364015657,1,0.364015657
GRIN2A,0.378416896,1,0.378416896
PRKCB,0.454900555,1,0.454900555
CACNG3,1.039841233,1,1.039841233
PPP4C,0.884638045,1,0.884638045
CORO1A,0.662723353,1,0.662723353
ZNF689,0.796423382,1,0.796423382
SETD1A,0.227402048,1,0.227402048
CHD9,1.904021324,1,1.904021324
IRX5,0.841035426,1,0.841035426
ZNF319,0.980169612,1,0.980169612
CTCF,0.831375343,1,0.831375343
EDC4,0.683752361,1,0.683752361
SF3B3,1.296304214,1,1.296304214
KLHL36,1.312782466,1,1.312782466
SLC7A5,1.113009932,1,1.113009932
TUBB3,0.598572819,1,0.598572819
ABR,1.411775389,1,1.411775389
DLG4,0.573564308,1,0.573564308
NEURL4,0.567865483,1,0.567865483
POLR2A,0.839800693,1,0.839800693
KDM6B,2.250474487,1,2.250474487
MYH10,4.481564487,1,4.481564487
USP22,0.3549514,1,0.3549514
TAOK1,1.679380889,1,1.679380889
GIT1,1.620939667,1,1.620939667
CDK5R1,0.974730264,1,0.974730264
SRCIN1,0.681353824,1,0.681353824
THRA,1.222181191,1,1.222181191
RARA,1.070718872,1,1.070718872
TOP2A,0.558266447,1,0.558266447
KAT2A,1.258301141,1,1.258301141
STAT5B,1.240414417,1,1.240414417
STAT3,0.527247585,1,0.527247585
EZH1,1.242905437,1,1.242905437
NAGS,0.805880373,1,0.805880373
UBTF,0.83401967,1,0.83401967
EFTUD2,1.033658921,1,1.033658921
CDC27,0.841035426,1,0.841035426
KPNB1,0.800998274,1,0.800998274
HOXB8,0.831375343,1,0.831375343
IGF2BP1,1.110615698,1,1.110615698
KAT7,1.023973698,1,1.023973698
COL1A1,1.068184749,1,1.068184749
CACNA1G,0.332064778,1,0.332064778
DHX40,0.463520647,1,0.463520647
CLTC,1.961251259,1,1.961251259
TLK2,1.690008224,1,1.690008224
MRC2,1.68228491,1,1.68228491
PSMC5,0.555461661,1,0.555461661
HELZ,0.662372007,1,0.662372007
BPTF,0.960337416,1,0.960337416
SOX9,0.841035426,1,0.841035426
UNK,0.504610005,1,0.504610005
UBE2O,0.284498918,1,0.284498918
CBX4,0.841035426,1,0.841035426
DLGAP1,0.8225804,1,0.8225804
ROCK1,0.615156672,1,0.615156672
CXXC1,0.983115854,1,0.983115854
TCF4,1.411515213,1,1.411515213
KIAA1468,0.088249097,1,0.088249097
HCN2,0.96353457,1,0.96353457
DOT1L,0.763358089,1,0.763358089
PIP5K1C,0.93242885,1,0.93242885
EEF2,0.497318586,1,0.497318586
PTPRS,1.860311761,1,1.860311761
SAFB2,1.008403414,1,1.008403414
SAFB,0.721628467,1,0.721628467
VAV1,0.675225745,1,0.675225745
PNPLA6,1.82478347,1,1.82478347
CAMSAP3,1.063153988,1,1.063153988
EVI5L,0.828079634,1,0.828079634
ELAVL1,1.132493876,1,1.132493876
DNMT1,1.343461654,1,1.343461654
ILF3,0.772545096,1,0.772545096
SMARCA4,1.283173684,1,1.283173684
TNPO2,0.649966314,1,0.649966314
NFIX,0.794512075,1,0.794512075
NACC1,1.158964574,1,1.158964574
LPHN1,0.684618147,1,0.684618147
BRD4,0.359461761,1,0.359461761
CHERP,0.821718976,1,0.821718976
ANO8,1.624460043,1,1.624460043
MAST3,1.090677052,1,1.090677052
MAU2,1.627622703,1,1.627622703
ATP13A1,0.866485538,1,0.866485538
ACTN4,1.055961057,1,1.055961057
HNRNPL,1.079194525,1,1.079194525
SAMD4B,1.019361211,1,1.019361211
SUPT5H,1.171381885,1,1.171381885
HNRNPUL1,0.783026904,1,0.783026904
ATP1A3,0.911923089,1,0.911923089
GRIK5,0.386138231,1,0.386138231
MEGF8,0.887767934,1,0.887767934
CADM4,0.826412302,1,0.826412302
CLASRP,0.690372563,1,0.690372563
MARK4,0.641489008,1,0.641489008
PPP1R13L,1.199244927,1,1.199244927
GPR4,0.76516111,1,0.76516111
SYMPK,0.463463703,1,0.463463703
NOVA2,0.923858154,1,0.923858154
PRKD2,1.549802319,1,1.549802319
ARHGAP35,0.688280055,1,0.688280055
ZC3H4,0.127302167,1,0.127302167
SLC8A2,1.491762322,1,1.491762322
GRIN2D,0.602096397,1,0.602096397
RUVBL2,1.427310825,1,1.427310825
PPFIA3,1.199907647,1,1.199907647
PRR12,0.841035426,1,0.841035426
AP2A1,1.471492953,1,1.471492953
KCNC3,0.677425075,1,0.677425075
SHANK1,0.939186306,1,0.939186306
PPP2R1A,0.96353457,1,0.96353457
PRKCG,0.375157854,1,0.375157854
CNOT3,0.974730264,1,0.974730264
BRSK1,0.573463697,1,0.573463697
ZBTB45,1.084107747,1,1.084107747
MYT1L,0.834347682,1,0.834347682
KCNF1,1.158964574,1,1.158964574
ROCK2,0.502499388,1,0.502499388
ATAD2B,1.649039722,1,1.649039722
DNMT3A,1.158964574,1,1.158964574
NRXN1,0.571586717,1,0.571586717
SPTBN1,0.985082966,1,0.985082966
BCL11A,0.468771126,1,0.468771126
XPO1,1.286432758,1,1.286432758
CTNNA2,1.087990047,1,1.087990047
ZAP70,2.02414527,1,2.02414527
INPP4A,1.034103632,1,1.034103632
MAP4K4,0.985704635,1,0.985704635
ZEB2,1.608339424,1,1.608339424
KIF5C,0.755032732,1,0.755032732
NR4A2,0.449474047,1,0.449474047
SCN1A,2.183241137,1,2.183241137
TLK1,1.392786516,1,1.392786516
SF3B1,1.351633541,1,1.351633541
SATB2,1.57403329,1,1.57403329
FZD7,0.831375343,1,0.831375343
CUL3,1.49505807,1,1.49505807
TRIP12,7.98923416,1,7.98923416
PSMD1,0.430745463,1,0.430745463
KIF1A,0.639173035,1,0.639173035
PLCB4,0.725957492,1,0.725957492
KIF3B,0.52509782,1,0.52509782
RBM39,0.918586524,1,0.918586524
SRC,1.250748224,1,1.250748224
PPP1R16B,1.61048365,1,1.61048365
TOP1,0.850389167,1,0.850389167
SLC12A5,0.764616294,1,0.764616294
KCNB1,0.335708594,1,0.335708594
ZFP64,0.768687532,1,0.768687532
GNAS,1.517382022,1,1.517382022
EEF1A2,1.158964574,1,1.158964574
PRDM15,0.030090033,1,0.030090033
ABCG1,0.175392399,1,0.175392399
ADARB1,1.201732399,1,1.201732399
HIRA,6.70711248,1,6.70711248
TOP3B,3.599324738,1,3.599324738
GNAZ,0.794897687,1,0.794897687
SMARCB1,0.819782683,1,0.819782683
PATZ1,0.931171279,1,0.931171279
EIF3D,0.52021547,1,0.52021547
CACNG2,1.18547047,1,1.18547047
CSNK1E,1.101131185,1,1.101131185
KCNJ4,0.670423801,1,0.670423801
CACNA1I,0.529935942,1,0.529935942
ACO2,0.953560301,1,0.953560301
SHANK3,0.841035426,1,0.841035426
BRPF1,0.45464852,1,0.45464852
SLC6A1,2.138387529,1,2.138387529
TRIM71,0.838833235,1,0.838833235
EPM2AIP1,1.373301073,1,1.373301073
CTNNB1,0.404280155,1,0.404280155
SNRK,1.182272527,1,1.182272527
DHX30,1.572953957,1,1.572953957
QRICH1,1.911960501,1,1.911960501
RBM5,0.785143447,1,0.785143447
SEMA3F,0.170847947,1,0.170847947
DOCK3,3.065904681,1,3.065904681
RBM15B,1.129677846,1,1.129677846
VPRBP,3.077321818,1,3.077321818
CACNA1D,6.523911918,1,6.523911918
FEZF2,0.841035426,1,0.841035426
CASR,1.177935195,1,1.177935195
PLXNA1,0.620473376,1,0.620473376
STAG1,1.57403329,1,1.57403329
C3orf58,0.746600441,1,0.746600441
ZIC1,0.455910666,1,0.455910666
PIK3CA,0.581223386,1,0.581223386
TRA2B,1.420694592,1,1.420694592
GP5,1.066718246,1,1.066718246
PAK2,0.591697647,1,0.591697647
DHX15,1.421368669,1,1.421368669
PDS5A,0.594935956,1,0.594935956
ANKRD17,0.612489388,1,0.612489388
PRDM8,0.614374064,1,0.614374064
PCDH10,2.062666157,1,2.062666157
SMARCA5,1.149484803,1,1.149484803
RAPGEF2,0.531235286,1,0.531235286
TERT,0.832053212,1,0.832053212
6-Mar,1.10731295,1,1.10731295
DROSHA,0.193325102,1,0.193325102
NIPBL,0.362652734,1,0.362652734
RICTOR,0.596598777,1,0.596598777
HCN1,0.719512174,1,0.719512174
KIF2A,0.563807506,1,0.563807506
TNPO1,2.854410617,1,2.854410617
PDE8B,1.102012537,1,1.102012537
NR2F1,1.343198884,1,1.343198884
AFF4,0.563910062,1,0.563910062
KDM3B,1.033405993,1,1.033405993
HDAC3,0.705181236,1,0.705181236
TCERG1,0.559788205,1,0.559788205
CAMK2A,1.116702433,1,1.116702433
GRIA1,0.162565915,1,0.162565915
EBF1,1.471492953,1,1.471492953
CPEB4,0.937054284,1,0.937054284
UNC5A,0.386397575,1,0.386397575
NSD1,0.583279107,1,0.583279107
HNRNPH1,1.271331889,1,1.271331889
TFAP2A,0.841045551,1,0.841045551
GABBR1,1.158964574,1,1.158964574
HLA-B,0.750899572,1,0.750899572
EHMT2,0.804154048,1,0.804154048
CFB,1.272004617,1,1.272004617
SYNGAP1,1.198467288,1,1.198467288
SCUBE3,0.138394458,1,0.138394458
BRPF3,0.805981693,1,0.805981693
USP49,0.689291771,1,0.689291771
GTPBP2,0.517298839,1,0.517298839
KCNQ5,1.009199682,1,1.009199682
PHIP,1.322069191,1,1.322069191
BEND3,1.089600644,1,1.089600644
SOBP,0.468771126,1,0.468771126
SOGA3,1.522635374,1,1.522635374
MED23,1.011602148,1,1.011602148
FBXL18,1.183876864,1,1.183876864
FSCN1,0.726122956,1,0.726122956
ELMO1,0.305224971,1,0.305224971
GCK,0.733653314,1,0.733653314
ADCY1,1.512484002,1,1.512484002
IKZF1,1.199244927,1,1.199244927
BAZ1B,0.134372935,1,0.134372935
GTF2I,1.151779188,1,1.151779188
GRM3,1.236840571,1,1.236840571
FZD1,0.470416568,1,0.470416568
TRRAP,0.039426078,1,0.039426078
SRRT,0.576568352,1,0.576568352
CUX1,0.571458482,1,0.571458482
DOCK4,15.51225319,1,15.51225319
NRF1,1.283173684,1,1.283173684
BRAF,0.573402915,1,0.573402915
EZH2,1.58941666,1,1.58941666
KCNH2,0.552091419,1,0.552091419
AGAP3,0.794119001,1,0.794119001
SHH,0.731924538,1,0.731924538
XKR6,1.592237811,1,1.592237811
WHSC1L1,3.043969328,1,3.043969328
XKR4,2.387523179,1,2.387523179
CHD7,1.817542493,1,1.817542493
ZFHX4,0.519259691,1,0.519259691
UBR5,1.526077039,1,1.526077039
KCNK9,1.898682361,1,1.898682361
BAI1,1.054930078,1,1.054930078
SMARCA2,0.526153619,1,0.526153619
SMU1,0.931171279,1,0.931171279
VCP,2.462068754,1,2.462068754
APBA1,0.168735467,1,0.168735467
TLE4,0.509839326,1,0.509839326
HNRNPK,1.06143609,1,1.06143609
NR4A3,1.407262262,1,1.407262262
KIAA0368,0.24163809,1,0.24163809
LHX2,1.283173684,1,1.283173684
STXBP1,0.65587914,1,0.65587914
NTNG2,0.831375343,1,0.831375343
ADAMTSL2,1.654627334,1,1.654627334
KCNT1,1.005024002,1,1.005024002
NOTCH1,0.896635447,1,0.896635447
ABCA2,12.22710319,1,12.22710319
GRIN1,0.841035426,1,0.841035426
TUBB4B,0.931171279,1,0.931171279
CACNA1B,0.447970851,1,0.447970851
LHX5,1.389588332,1,1.389588332
MTA1,1,1,1
KHSRP,1,1,1
LHX1,0.892827518,1,0.892827518
PLCL2,1.211751083,1,1.211751083
AHDC1,0.892827518,1,0.892827518
NBPF15,0.892827518,1,0.892827518
TM9SF3,1.107172482,1,1.107172482
PAX6,1.081884712,1,1.081884712
RBM14-RBM4,1.107172482,1,1.107172482
CUL5,0.920842962,1,0.920842962
FBXL14,0.892827518,1,0.892827518
KCNA6,1.419539052,1,1.419539052
DDN,1.107172482,1,1.107172482
TUBA1B,1.517611045,1,1.517611045
KCNH3,1.500179854,1,1.500179854
SSTR1,1.033913834,1,1.033913834
AKT1,0.620462987,1,0.620462987
NR2F2,0.892827518,1,0.892827518
NOMO1,0.618710552,1,0.618710552
SBK1,0.840971792,1,0.840971792
NLGN2,0.892827518,1,0.892827518
EIF4A1,0.670373076,1,0.670373076
MLLT6,0.677939939,1,0.677939939
TUBG1,1.357206244,1,1.357206244
GNA11,1.107172482,1,1.107172482
MAP2K7,0.750842758,1,0.750842758
TECR,0.977160045,1,0.977160045
SLC17A7,1.107172482,1,1.107172482
PRMT1,0.843439197,1,0.843439197
U2AF2,0.892827518,1,0.892827518
KCNG3,0.988514059,1,0.988514059
PCBP1,1.357206244,1,1.357206244
POTEE,0.843439197,1,0.843439197
KCNJ3,0.804936605,1,0.804936605
TBR1,1.107172482,1,1.107172482
EVX2,0.833751504,1,0.833751504
CSNK2A1,0.977160045,1,0.977160045
STK35,0.794451961,1,0.794451961
CENPB,0.750842758,1,0.750842758
SLC32A1,0.711709401,1,0.711709401
MAFB,1.225830904,1,1.225830904
SCO2,1.107172482,1,1.107172482
ZBTB20,0.988514059,1,0.988514059
SEC61A1,0.920406257,1,0.920406257
U2SURP,0.892827518,1,0.892827518
CHST2,0.892827518,1,0.892827518
AP2M1,1.211751083,1,1.211751083
CNOT6L,0.787985063,1,0.787985063
ABCE1,1.120065192,1,1.120065192
CSNK1A1,1.269661718,1,1.269661718
DDX39B,1.211751083,1,1.211751083
LRRC73,1.103333674,1,1.103333674
EEF1A1,1.094455564,1,1.094455564
CDK19,0.843439197,1,0.843439197
YWHAG,0.787985063,1,0.787985063
CUL1,0.69545399,1,0.69545399
EGR3,0.892827518,1,0.892827518
PABPC1,0.940390478,1,0.940390478
KCNV1,1.341617454,1,1.341617454
HAS2,1.210791683,1,1.210791683
PUF60,1.107172482,1,1.107172482
