"","ID","Gene","No.case","No.contr","group.index"
"1","15:22925883-22925883_C_A","CYFIP1",1,0,5
"2","15:22925886-22925886_C_T","CYFIP1",1,0,5
"3","15:22925891-22925891_C_T","CYFIP1",2,1,8
"4","15:22929823-22929823_A_G","CYFIP1",1,0,8
"5","15:22929855-22929855_A_G","CYFIP1",0,1,8
"6","15:22933577-22933577_C_T","CYFIP1",1,0,5
"7","15:22933649-22933649_A_G","CYFIP1",1,0,8
"8","15:22933766-22933766_G_A","CYFIP1",0,3,5
"9","15:22933770-22933770_T_C","CYFIP1",0,1,5
"10","15:22933860-22933860_A_G","CYFIP1",1,0,5
"11","15:22933862-22933862_C_A","CYFIP1",1,0,5
"12","15:22933871-22933871_C_G","CYFIP1",2,2,5
"13","15:22935896-22935896_G_C","CYFIP1",1,2,8
"14","15:22935912-22935912_A_G","CYFIP1",1,0,5
"15","15:22947019-22947019_G_A","CYFIP1",1,0,8
"16","15:22947036-22947036_C_T","CYFIP1",1,0,5
"17","15:22947037-22947037_G_A","CYFIP1",2,0,5
"18","15:22958213-22958213_C_T","CYFIP1",2,0,5
"19","15:22962456-22962456_C_T","CYFIP1",1,0,5
"20","15:22962457-22962457_G_C","CYFIP1",0,1,8
"21","15:22962487-22962487_C_T","CYFIP1",1,0,8
"22","15:22962523-22962523_C_T","CYFIP1",1,0,5
"23","15:22963761-22963761_G_A","CYFIP1",0,1,5
"24","15:22963798-22963798_G_A","CYFIP1",1,0,5
"25","15:22963813-22963813_T_C","CYFIP1",1,0,8
"26","15:22963816-22963816_A_G","CYFIP1",8,0,5
"27","15:22963830-22963830_C_A","CYFIP1",1,0,5
"28","15:22963869-22963869_A_G","CYFIP1",42,59,4
"29","15:22969215-22969215_G_A","CYFIP1",1,0,8
"31","15:22969233-22969233_G_A","CYFIP1",2,2,8
"32","15:22969238-22969238_G_A","CYFIP1",2,2,8
"33","15:22969241-22969241_G_A","CYFIP1",0,1,5
"34","15:22969250-22969250_C_T","CYFIP1",0,1,5
"35","15:22990087-22990087_G_A","CYFIP1",62,69,7
"36","15:22990102-22990102_T_A","CYFIP1",0,1,8
"37","15:22990123-22990123_C_G","CYFIP1",2,0,8
"38","15:22990131-22990131_C_G","CYFIP1",1,0,8
"39","15:22997798-22997798_C_G","CYFIP1",1,0,5
"40","15:23000098-23000098_A_T","CYFIP1",1,2,8
"41","15:23000149-23000149_T_C","CYFIP1",0,1,5
"42","15:23000151-23000151_G_C","CYFIP1",0,1,5
"43","15:23000188-23000188_A_G","CYFIP1",1,0,5
"44","15:23000199-23000199_A_G","CYFIP1",1,3,5
"45","15:23000212-23000212_A_G","CYFIP1",0,1,8
"46","15:23000217-23000217_G_A","CYFIP1",1,1,8
"47","15:23000228-23000228_G_C","CYFIP1",1,0,8
