"","Variant","Gene","No.case","No.contr","group.index","var.BF"
"1","19:39445958:A:G","SUPT5H",1,0,5,1.45208385801905
"2","19:39453360:A:G","SUPT5H",1,0,5,1.45208385801905
"3","19:39453372:G:A","SUPT5H",0,1,5,0.547916141980948
"4","19:39453375:G:A","SUPT5H",0,1,5,0.547916141980948
"5","19:39453423:A:T","SUPT5H",1,2,5,0.44172752990569
"6","19:39457742:T:C","SUPT5H",1,0,1,1.69609467702896
"7","19:39459074:G:A","SUPT5H",1,0,1,1.69609467702896
"8","19:39459205:G:C","SUPT5H",2,0,6,2.13750944421407
"9","19:39459904:C:G","SUPT5H",1,0,5,1.45208385801905
"10","19:39459916:A:G","SUPT5H",1,1,6,0.766658271824039
"11","19:39459957:C:G","SUPT5H",1,0,6,1.45208385801905
"12","19:39459958:A:G","SUPT5H",0,1,6,0.547916141980948
"13","19:39459959:C:T","SUPT5H",0,1,5,0.547916141980948
"14","19:39464843:T:A","SUPT5H",1,0,4,1.45208385801905
"15","19:39464897:G:C","SUPT5H",0,1,6,0.547916141980948
"16","19:39464904:A:G","SUPT5H",1,0,6,1.45208385801905
"17","19:39465003:C:T","SUPT5H",6,0,5,11.1279598426274
"18","19:39466543:G:A","SUPT5H",0,1,6,0.547916141980948
"19","19:39466544:A:T","SUPT5H",0,2,5,0.329174012137857
"20","19:39466708:C:T","SUPT5H",2,0,4,2.13750944421407
"21","19:39468847:G:T","SUPT5H",0,1,6,0.547916141980948
"22","19:39469082:A:C","SUPT5H",0,1,5,0.547916141980948
"23","19:39470166:G:C","SUPT5H",0,1,5,0.547916141980948
"24","19:39470185:A:G","SUPT5H",0,1,5,0.547916141980948
"25","19:39470242:G:A","SUPT5H",1,0,5,1.45208385801905
"26","19:39470452:T:A","SUPT5H",1,0,4,1.45208385801905
"27","19:39470461:C:G","SUPT5H",1,0,4,1.45208385801905
"28","19:39470501:G:A","SUPT5H",0,1,5,0.547916141980948
"29","19:39471402:G:A","SUPT5H",1,0,5,1.45208385801905
"30","19:39471409:G:A","SUPT5H",0,2,5,0.329174012137857
"31","19:39471474:A:G","SUPT5H",1,0,6,1.45208385801905
"32","19:39471624:G:A","SUPT5H",1,0,4,1.45208385801905
"33","19:39471644:G:A","SUPT5H",1,0,5,1.45208385801905
"34","19:39471654:A:G","SUPT5H",1,0,5,1.45208385801905
"35","19:39471723:G:A","SUPT5H",1,1,5,0.766658271824039
"36","19:39472412:C:T","SUPT5H",1,0,4,1.45208385801905
"37","19:39472413:G:A","SUPT5H",1,0,5,1.45208385801905
"38","19:39472476:T:C","SUPT5H",2,0,5,2.13750944421407
"39","19:39472490:G:A","SUPT5H",0,1,5,0.547916141980948
"40","19:39472815:C:T","SUPT5H",1,0,5,1.45208385801905
"41","19:39472816:G:A","SUPT5H",1,0,5,1.45208385801905
"42","19:39472828:G:A","SUPT5H",1,0,5,1.45208385801905
"43","19:39472902:G:A","SUPT5H",0,1,4,0.547916141980948
"44","19:39472912:C:T","SUPT5H",1,0,5,1.45208385801905
"45","19:39472918:G:A","SUPT5H",1,0,4,1.45208385801905
"46","19:39473222:G:A","SUPT5H",1,1,5,0.766658271824039
"47","19:39473292:G:A","SUPT5H",0,1,5,0.547916141980948
"48","19:39473964:G:A","SUPT5H",0,1,6,0.547916141980948
"49","19:39474063:C:T","SUPT5H",1,1,6,0.766658271824039
"50","19:39474093:A:C","SUPT5H",0,1,6,0.547916141980948
"51","19:39474115:C:T","SUPT5H",0,1,6,0.547916141980948
"52","19:39474269:C:G","SUPT5H",1,1,5,0.766658271824039
"53","19:39474318:C:G","SUPT5H",0,1,6,0.547916141980948
"54","19:39474551:A:G","SUPT5H",1,2,5,0.44172752990569
"55","19:39474665:A:G","SUPT5H",0,2,6,0.329174012137857
"56","19:39474708:G:A","SUPT5H",1,1,4,0.766658271824039
"57","19:39476371:G:A","SUPT5H",0,1,5,0.547916141980948
"58","19:39476394:G:A","SUPT5H",0,1,5,0.547916141980948
