"","Gene","BF","post.prob"
"1","KIF1B",0.331722882564538,0.0153378779804477
"2","RBM15",0.926574504965282,0.041695251927008
"3","MTOR",0.566374161086013,0.0259063808865786
"4","ATP1A1",1.01595160072073,0.0455340294532033
"5","NOTCH2",0.0754064767923008,0.00352838686852767
"6","SETDB1",0.36729821614573,0.0169548863868289
"7","PI4KB",0.708817635526931,0.0322119765113273
"8","POGZ",0.699360689862529,0.0317958736690305
"9","INTS3",0.532584771428704,0.0243985379562357
"10","DENND4B",1.38467605182239,0.0610510024935606
"11","UBAP2L",0.635826497170378,0.0289910841314761
"12","ASH1L",0.176980121716901,0.00824200390899987
"13","ARHGEF2",1.23072979649427,0.0546342749325861
"14","SPEN",0.0542125813391097,0.00253920950831107
"15","ZBTB17",1.17814345983579,0.0524222488623052
"16","COPA",1.54028820546137,0.0674492437307147
"17","CACNA1E",0.239442010373422,0.0111185257732036
"18","UBR4",0.335615113965191,0.0155150509975092
"19","CDC73",1.06905336786293,0.0478002392213705
"20","KIF21B",0.30277916835062,0.0140183672265447
"21","NAV1",0.525795184163294,0.0240949909316219
"22","HNRNPR",0.649096405477449,0.0295782411835786
"23","RYR2",0.601000853404111,0.0274467603054606
"24","HNRNPU",0.7752799380186,0.0351262394824044
"25","WDTC1",1.16885834075761,0.0520305978362921
"26","DLGAP3",0.803738307898409,0.036368732666615
"27","ZMYM4",0.120346120014142,0.00561936660884389
"28","NCDN",1.50496942124404,0.0660047171993685
"29","MACF1",0.140863084410037,0.00657107780369479
"30","CHD5",0.421071173820839,0.0193889771048577
"31","JAK1",0.453397756281955,0.0208464818230322
"32","LRRC7",0.266512896181142,0.0123600293687993
"33","RERE",0.601669031630908,0.0274764365166669
"34","CELF2",0.954699778117095,0.0429065676126795
"35","SMC3",0.80012912298605,0.0362113327681622
"36","PDZD8",1.15586019898289,0.0514817854803076
"37","EIF3A",0.23442757198606,0.0108882148517799
"38","DIP2C",0.618311492405806,0.0282150045047633
"39","KCNMA1",1.10542813782987,0.0493463949684435
"40","TM9SF3",1.21461603703951,0.0539575534437971
"41","SLIT1",1.01251375563502,0.0453869416238437
"42","CTR9",0.457546055680723,0.021033202090611
"43","CUL5",0.763892739161013,0.0346281760742953
"44","DSCAML1",0.207553565344815,0.00965207328779354
"45","BCL9L",1.5037340941739,0.0659541117284991
"46","HSPA8",1.09824316542721,0.0490413866834955
"47","PRDM10",2.88249465550294,0.119217450084853
"48","IGSF9B",0.558444590597193,0.0255529445262602
"49","PAX6",1.01197515821574,0.0453638936840228
"50","CSTF3",0.990685972773812,0.0444519835698996
"51","CAPRIN1",1.14161436525116,0.0508795622727281
"52","DGKZ",0.324039986592565,0.0149879679950822
"53","MARK2",0.461801003219928,0.0212246487587863
"54","RPS6KA4",0.76068896232355,0.0344879537411826
"55","NRXN2",1.2019604012082,0.0534253813916686
"56","LTBP3",1.28036011700873,0.0567125050086505
"57","IPO7",0.607232523895853,0.0277234610250804
"58","ATP2A2",0.677090626789855,0.0308145825614498
"59","CUX2",1.16508594279438,0.0518713836754875
"60","MED13L",0.211388799201865,0.00982867406435392
"61","NOS1",0.46635718787112,0.0214295662577072
"62","KSR2",0.512648242120277,0.0235066837003443
"63","CIT",0.720035534717463,0.032705097277159
"64","KDM2B",0.712652974513803,0.0323806283843779
"65","PITPNM2",0.575017788109726,0.0262913521924568
"66","EP400",0.0221017919011529,0.00103676328098243
"67","CACNA1C",0.228444290106317,0.0106132649687028
"68","DDX23",0.920575160427714,0.0414364717768173
"69","KCNH3",0.560050685260564,0.0256245519971191
"70","SLC4A8",0.832920469054914,0.0376395078832183
"71","SCN8A",0.779736359626832,0.0353210185128111
"72","ESPL1",0.31790232637515,0.0147082555191146
"73","MAP3K12",1.36142565083005,0.0600874785722023
"74","SMARCC2",0.551932392196301,0.0252624913264081
"75","LRP1",0.990348280446842,0.0444375046748564
"76","KIF5A",0.662976699589577,0.0301916467755635
"77","AGAP2",0.540330039718872,0.024744580819405
"78","CHD4",0.858539167540071,0.0387523479559646
"79","CAND1",0.878018935627157,0.039596800577679
"80","PPFIA2",0.854121030026047,0.0385606139940426
"81","WNK1",0.0936038143120899,0.00437614251769604
"82","ATP2B1",0.545471134499733,0.0249741389786685
"83","PLXNC1",0.497719337036533,0.0228377755041109
"84","FRY",16.7923613046126,0.440879441168242
"85","PDS5B",0.916754692948498,0.0412716040634008
"86","NBEA",0.271760878682427,0.0126003475465388
"87","MYCBP2",0.514901361058357,0.0236075579734086
"88","IPO5",5.85898798889553,0.215761277906199
"89","DYNC1H1",0.971079107898267,0.0436105922163539
"90","MTA1",0.236387424091815,0.0109782427555443
"91","SUPT16H",1.07460645195923,0.0480366053181725
"92","CHD8",1.0117079926804,0.0453524605850587
"93","HECTD1",0.24679701362945,0.011456143831256
"94","BAZ1A",0.647523554955945,0.0295086839587855
"95","RALGAPA1",1.14970557302387,0.0512217008440908
"96","GPHN",0.64242722773857,0.0292832371439965
"97","ACTN1",0.622149738229881,0.0283851810572676
"98","RBM25",0.93498950783258,0.0420579955123037
"99","HERC2",0.159009421581108,0.0074113068977969
"100","AQR",0.748227436573247,0.0339421523167811
"101","INO80",1.15884026094925,0.0516076668965467
"102","SEMA6D",0.706605526490725,0.0321146764097338
"103","HERC1",0.0572465959713915,0.00268093574025069
"104","RASGRF1",0.258599288202903,0.0119974242895662
"105","CHD2",0.6222424602107,0.028389291340408
"106","MAPK8IP3",0.423392819457193,0.0194937974690171
"107","SMG1",0.288131658736624,0.0133492554393691
"108","CASKIN1",0.904776331887404,0.0407543243382464
"109","GTF3C1",0.0854544098358938,0.00399666628853225
"110","TAOK2",1.20257206963902,0.0534511159420805
"111","SRCAP",0.15717919027405,0.00732662622639655
"112","SETD1A",0.0955628281572124,0.00446732070144039
"113","CHD9",0.998619433065531,0.0447920123905424
"114","CNOT1",0.937918881654682,0.0421842069235507
"115","EDC4",0.664930157352213,0.0302779128129997
"116","SF3B3",0.885421288386383,0.0399173054480311
"117","GLG1",1.0416039685052,0.0466301339104768
"118","NCOR1",0.267560046019945,0.0124079903071745
"119","PRPF8",0.788824442226509,0.0357179922366842
"120","MYO18A",0.047098538961578,0.00220673721121408
"121","TAOK1",0.8172547212466,0.0369577394674077
"122","GIT1",0.654873486772491,0.0298336393838878
"123","NF1",7421437729953628,0.999999999999997
"124","AP2B1",1.38496764553472,0.0610630739366921
"125","ACACA",0.937812320649531,0.0421796163495438
"126","MLLT6",0.31299661841209,0.0144845727254426
"127","TOP2A",0.256978612587367,0.0119231313533338
"128","ACLY",230.038503853447,0.915268415940407
"129","STAT5B",1.01977370678604,0.0456975046464453
"130","STAT5A",0.652376182121186,0.0297232528803149
"131","KPNB1",0.842940123881946,0.0380750542042043
"132","KAT7",0.8180852763002,0.0369939092102012
"133","COL1A1",1.27250143232653,0.0563840379393383
"134","CACNA1G",0.247617363948733,0.0114937862318712
"135","DHX40",0.740513029552645,0.0336039602316318
"136","CLTC",1.57893799698258,0.0690248957766671
"137","TLK2",1.23621446085472,0.0548643908446487
"138","HELZ",0.174765123836944,0.00813969059468281
"139","BPTF",0.940896768749121,0.0423124744346713
"140","DLG4",1.01123589417091,0.0453322569017931
"141","NEURL4",0.0960379500527084,0.00448943173564812
"142","POLR2A",1.09824316542721,0.0490413866834955
"143","EIF4A1",1.19735261838519,0.0532314744822632
"144","KDM6B",0.15940780277548,0.00742973718184994
"145","CHD3",1.19212711552712,0.0530114762286231
"146","RPTOR",0.869550881406395,0.0392298907643556
"147","MYH10",1.6262412142993,0.0709460944451293
"148","ROCK1",0.672781760475302,0.0306244902504148
"149","TCF4",0.672505551480991,0.0306123023196068
"150","ZNF236",0.302829983290774,0.0140206869203481
"151","DNMT1",1.15166657618166,0.0513045851783317
"152","ILF3",0.587802427004476,0.0268601990251638
"153","DNM2",0.477481720737262,0.0219295393501869
"154","SMARCA4",0.824925906256441,0.0372917076790941
"155","APC2",0.188067980308115,0.00875384779471993
"156","WIZ",0.658830551783437,0.0300084991697754
"157","UNC13A",0.406564777274656,0.0187335175530827
"158","MAST3",0.711604273586952,0.0323345195577059
"159","UPF1",0.883903286447591,0.0398515968883189
"160","DOT1L",0.38867722038287,0.0179240756685029
"161","CLIP3",0.509368349133209,0.0233598025176753
"162","ACTN4",0.733966724253461,0.0333167908133956
"163","SUPT5H",1.44193968245926,0.0634156716405453
"164","ATP1A3",0.697538667146242,0.0317156640896713
"165","MARK4",1.2507723129174,0.0554746406738341
"166","SYMPK",1.27258958171916,0.0563877235614219
"167","PRKD2",0.949081856594867,0.0426648564973516
"168","ARHGAP35",0.940647641635168,0.0423017450173
"169","ZC3H4",0.470878130767281,0.021632813941824
"170","RUVBL2",1.06226136412313,0.0475109790901952
"171","PPFIA3",0.497779853808606,0.0228404888833894
"172","SLC17A7",0.805783543989641,0.0364579044885672
"173","PRR12",0.0531768891586823,0.00249082057516568
"174","SHANK1",0.222206521321873,0.0103264578463013
"175","PRKCG",0.577463781480507,0.0264002370226863
"176","CNOT3",0.340719980756032,0.0157473261287471
"177","U2AF2",0.45274043712314,0.0208168885085107
"178","SAFB2",0.978067065570198,0.0439106370310047
"179","SAFB",2.11457681176723,0.0903258269204695
"180","KHSRP",0.915312920751603,0.0412093713648275
"181","C3",0.148194185088337,0.00691070065344147
"182","VAV1",0.712344955172427,0.0323670859795962
"183","CAMSAP3",0.395075567356449,0.0182137649368526
"184","XAB2",0.423739733128424,0.0195094584075427
"185","MAP4K4",1.21761759552982,0.0540836818090634
"186","ROCK2",0.327678624106032,0.0151537171772644
"187","ZEB2",0.578176168551389,0.0264319447722776
"188","KIF5C",0.605357023678997,0.0276402010002104
"189","SCN3A",0.592938297734095,0.0270885302249689
"190","TLK1",0.985095866573726,0.0442122456946468
"191","NCKAP1",0.972391121775351,0.0436669410551894
"192","STAT1",1.02935157216192,0.0461069133821462
"193","SPEG",0.00682990368896945,0.000320610642073645
"194","TRIP12",1.90424840932635,0.0820789074594482
"195","ATAD2B",0.486738452724504,0.0223451780666522
"196","KIF1A",0.554514768775594,0.0253776896654535
"197","HDLBP",0.948947430934686,0.0426590713367144
"198","CAD",0.185731508675545,0.00864603423355552
"199","BIRC6",0.0270682647243322,0.00126943763950221
"200","NRXN1",0.407660036506372,0.0187830365171799
"201","SPTBN1",0.322732284949571,0.0149283852338491
"202","USP34",0.893053330500354,0.0402475314401656
"203","CTNNA2",1.00464656384118,0.0450501740417756
"204","SNRNP200",0.790870774665889,0.0358073323898978
"205","RBM39",0.93358169403743,0.0419973283376581
"206","CHD6",0.289654310925508,0.0134188538924336
"207","SLC12A5",0.729040152602865,0.0331005623299698
"208","CSNK2A1",1.07739031215086,0.0481550557077195
"209","ATP9A",0.743060669313171,0.0337156724591055
"210","GNAS",1.11244386810216,0.0496440300412745
"211","KCNQ2",1.01064764689248,0.0453070813793145
"212","ITSN1",0.82988963034659,0.0375076820579854
"213","DYRK1A",0.728012705675377,0.0330554552317934
"214","DSCAM",0.734889571364845,0.033357284053728
"215","BCR",0.559893849308492,0.0256175599552285
"216","SMARCB1",0.889777943910689,0.0401058386440852
"217","MORC2",0.770418503466005,0.0349136686269975
"218","MYH9",0.667004526131151,0.0303695015643232
"219","CACNA1I",0.10926899244308,0.00510477846510523
"220","SHANK3",0.94929208465281,0.0426739037599125
"221","ATP2B2",1.24876192584282,0.0553904142676278
"222","KALRN",0.726074038679727,0.0329703321774062
"223","PLXNA1",0.107316058204968,0.00501399964148005
"224","PLXND1",0.125969558930238,0.0058803998956842
"225","STAG1",0.830115369058172,0.0375175017704441
"226","U2SURP",0.632997274269973,0.0288658068720778
"227","MED12L",0.573286534629888,0.0262142697071721
"228","PLCL2",0.847967858496855,0.0382934572647437
"229","TNIK",0.848633747659319,0.0383223758234886
"230","DVL3",0.558592947907277,0.0255595594541386
"231","EIF4A2",0.831406484604593,0.0375736618956251
"232","CLASP2",0.947968501212242,0.0426169398779773
"233","SCN5A",0.0612575355603241,0.00286823471902118
"234","ITPR1",0.539876359714134,0.0247243180863739
"235","SMARCC1",0.36256109337514,0.0167398761528082
"236","DHX30",1.01544305432568,0.0455122742074673
"237","CELSR3",0.153665852157476,0.00716403150622315
"238","QRICH1",1.11560660594153,0.0497781449729705
"239","RBM5",1.01951702052737,0.0456865276796531
"240","DOCK3",0.353173395649473,0.0163135059475055
"241","CACNA1D",0.38270628691386,0.01765358357341
"242","ABCE1",0.595666512996386,0.0272097779978814
"243","RAPGEF2",0.223689056470315,0.0103946385711693
"244","HTT",0.0326029051632661,0.00152860242849551
"245","PDS5A",1.15829579389835,0.0515846704454842
"246","FRYL",0.47943087200202,0.0220170880235041
"247","ANKRD17",0.320950442220661,0.0148471875966732
"248","WDFY3",0.247298297338846,0.0114791459575849
"249","MARCH6",0.974583121441151,0.0437610690245189
"250","AFF4",1.12553651321606,0.0501989737776466
"251","DDX46",0.710201509067692,0.0322728365461892
"252","KDM3B",0.523249123522573,0.0239811136404502
"253","TRIO",0.225230499112255,0.0104655184484385
"254","TCERG1",0.512683937393551,0.0235082819740937
"255","CAMK2A",1.07927191992153,0.0482350994907707
"256","GRIA1",0.623351148500876,0.0284384358148244
"257","CYFIP2",0.796108439008441,0.0360359264555659
"258","UNC5A",0.612570248305561,0.0279603432932924
"259","NSD1",0.246573890804497,0.0114459051741982
"260","HNRNPH1",0.874517406259903,0.0394451178356308
"261","DROSHA",0.582031709192348,0.0266035158147353
"262","NIPBL",10.3419463393383,0.326884580753282
"263","RICTOR",0.813094774024766,0.0367765375308431
"264","IL6ST",0.210374279007557,0.00978196464270604
"265","KIF2A",1.29373110686725,0.057270843015407
"266","HMGCR",0.743364646093945,0.0337289999044029
"267","ADCY2",5.31148713851511e+38,1
"268","HIVEP2",0.355993558658868,0.0164416308874008
"269","GABBR1",0.543780295754041,0.0248986522337023
"270","TRIM39",0.745102002331046,0.0338051648525875
"271","PRRC2A",0.0226614962601052,0.00106299029900718
"272","RXRB",1.01549276221238,0.0455144007185191
"273","SYNGAP1",0.443819548193134,0.0204150821986931
"274","SCUBE3",0.339665578968604,0.0156993590665139
"275","TMEM63B",0.92439691923968,0.0416013384942152
"276","KCNQ5",0.771179593792369,0.0349469542100289
"277","PHIP",0.697048916197706,0.0316941018740168
"278","CUX1",0.700308006703136,0.0318375714581007
"279","DOCK4",1.5113623837527,0.0662665188546287
"280","FLNC",0.124140621161133,0.0057955178382499
"281","MKLN1",0.336955370485917,0.0155760442509219
"282","PLXNA4",0.105034077192481,0.00490790464833171
"283","BRAF",0.746179983869169,0.033852417062261
"284","CUL1",0.605769069874946,0.0276584943965933
"285","EZH2",0.897252773322703,0.0404291376013711
"286","KCNH2",0.316849151851277,0.0146602430753732
"287","CARD11",0.417623388363422,0.0192332711059863
"288","HECW1",0.278391725870615,0.0129038233537399
"289","ADCY1",0.590420587673262,0.0269766109380281
"290","AUTS2",0.49183259562969,0.0225737607255931
"291","BAZ1B",0.553906033645291,0.025350536793072
"292","GTF2I",0.636297677477696,0.0290119447341943
"293","TRRAP",0.238622724835999,0.0110809036840107
"294","PABPC1",0.790614386156985,0.0357961397156809
"295","XPO7",1.1436373792312,0.0509651290145875
"296","CHD7",2.23642247511683,0.0950359244149778
"297","VCPIP1",1.0724558547965,0.047945079433469
"298","ARFGEF1",0.316355668007478,0.0146377443723224
"299","ZFHX4",0.883252664134985,0.0398234311567035
"300","ZNF462",0.171197581405336,0.00797485729429142
"301","DNM1",1.02215262379307,0.0457992249696847
"302","SPTAN1",0.339296243556253,0.015682556078563
"303","ZER1",0.901093042801593,0.0405951510524981
"304","NOTCH1",0.0588224874675468,0.0027545335888907
"305","ABCA2",2.39713334771531,0.101174317384299
"306","SMARCA2",1.28429119569195,0.0568767253280159
"307","VCP",0.769785867766074,0.0348859991409446
"308","TLN1",2.10542700539447,0.089970149723803
"309","DAPK1",0.40632194984418,0.0187225381393919
"310","GABBR2",1.35380021974175,0.0597710409770706
"311","THOC2",0.738227014290825,0.0335036980662917
"312","STAG2",0.928864989214042,0.0417940145111726
"313","SMARCA1",0.783862517433196,0.0355012924384173
"314","FLNA",1.57045367563699,0.0686794682284549
"315","DDX3X",1.20060469124688,0.0533683380072554
"316","USP11",1.02419396432112,0.0458864935443418
"317","SMC1A",0.949881065189414,0.0426992499014864
"318","PHF8",0.624605628834739,0.0284940367721881
"319","BRWD3",0.884844089136331,0.0398923217363889
"320","AMY1C",0.870989517995833,0.0392922447900222
"321","RSBN1",1.21885285710139,0.0541355789167162
"322","PRAMEF6",0.349559651567512,0.0161492784305624
"323","PRAMEF13",1,0.0448511588948712
"324","PRAMEF14",0.733743434330347,0.0333069926541751
"325","PRAMEF19",0.599534853000012,0.0273816435800294
"326","GPR89A",1,0.0448511588948712
"327","ADAR",1.22185726899048,0.054261779661594
"328","KCNN3",0.681883074824874,0.031025921274683
"329","LMNA",0.708727929948062,0.0322080311723209
"330","KCNJ9",1,0.0448511588948712
"331","ATP1A2",0.89934956083846,0.0405197880823244
"332","CDK11B",1.4368577667249,0.0632062985208133
"333","POGK",0.415513780488634,0.019137974375762
"334","FMN2",41124070611621,0.999999999999482
"335","RPS6KA1",0.795446755820735,0.0360070537540975
"336","KCNQ4",0.857288011112548,0.0386980592689243
"337","PTGER3",0.515020529012958,0.0236128926555329
"338","PITX3",0.882945022160131,0.0398101126222656
"339","TRIM8",0.850040201078084,0.0383834502516535
"340","TCF7L2",0.988772640528656,0.0443699417428263
"341","EGR2",0.847004109145496,0.0382516000083898
"342","HK1",0.725382163751045,0.0329399496813356
"343","GATA3",1.42024310391154,0.0625211265325021
"344","ZBTB16",0.773393954102699,0.0350437841579868
"345","STT3A",1.1497362465948,0.0512229974137257
"346","ADAMTS15",0.633335313068421,0.0288807768431824
"347","BRSK2",0.695946307879077,0.0316455539337568
"348","B4GALNT4",0.460278061172786,0.0211561342669829
"349","CHST1",0.917667220613859,0.0413109882605045
"350","C1QTNF4",1,0.0448511588948712
"351","DAGLA",1.05761241895522,0.0473128869204561
"352","PLCB3",0.499364406119397,0.0229115297988487
"353","TRIM3",0.816587310480522,0.0369286725067557
"354","PC",0.245885999030151,0.0114143378711792
"355","PPP1CA",1.05031821421118,0.0470019137763128
"356","PITPNM1",0.668584735399761,0.0304392602853238
"357","PDE2A",0.751522449224922,0.0340865303288233
"358","GRM5",0.603280081324138,0.0275479816121124
"359","HCFC2",0.877321090679573,0.0395665744565129
"360","LHX5",1,0.0448511588948712
"361","UBC",1.02219107157757,0.0458008687838441
"362","ZNF605",1,0.0448511588948712
"363","KCNA6",0.936596652160227,0.0421272430817224
"364","DDN",0.760920324447243,0.0344980813219626
"365","ASIC1",0.477473483385813,0.0219291693255327
"366","GDF11",0.856875348786289,0.0386801521727451
"367","ARHGEF7",0.508771855881829,0.0233330854234678
"368","PSPC1",0.959370717620428,0.0431074419104846
"369","CDK8",1.01490836208714,0.045489399391962
"370","KBTBD6",3.71122613243879,0.148406339564075
"371","PCDH17",1,0.0448511588948712
"372","ZNF219",0.45138538639579,0.0207558768180949
"373","SSTR1",0.796178650554559,0.0360389900513909
"374","TRIM9",0.9041653587838,0.0407279247982006
"375","KCNH5",1.86530854030915,0.0805356536940831
"376","ZFP36L1",0.937094102604993,0.0421486748677905
"377","IRF2BPL",0.520617565509161,0.023863384387031
"378","BCL11B",1.08970866070279,0.0486788351765991
"379","CYFIP1",1,0.0448511588948712
"380","SLC12A6",0.461143496289194,0.0211950698517021
"381","MEIS2",0.714104372851873,0.0324444355872353
"382","RHOV",1.17710086709958,0.0523782879022074
"383","MYO5A",0.288116382205456,0.0133485571192255
"384","FOXB1",0.837132032612537,0.0378226291986302
"385","SLCO3A1",0.619295085237433,0.0282586198040696
"386","CACNG3",1.01278686104431,0.0453986280667921
"387","PDPK1",1.08292697026967,0.0483905472306008
"388","SLX1B",0.977124628882983,0.043870182222592
"389","CORO1A",0.792751256723297,0.0358894171407893
"390","SLX1A",0.932959351163868,0.0419705071542413
"391","ZNF768",0.865959163786272,0.0390741816097853
"392","FBXL19",0.898814466043578,0.0404966559399044
"393","KAT8",0.673363476292305,0.0306501578984832
"394","CYLD",0.827131674950213,0.0373876938587474
"395","CLEC18C",1,0.0448511588948712
"396","KLHL36",0.527057555512299,0.0241514429815015
"397","SLC7A5",1.0845837014105,0.0484609905798452
"398","ASIC2",0.680149418068552,0.0309494806354081
"399","RARA",1.20897315932013,0.0537203432318756
"400","TUBG1",0.986729960840034,0.0442823380729264
"401","DHX8",1.65365639651033,0.0720559244689581
"402","NSF",1.01872309726997,0.0456525746367962
"403","MRC2",0.648830522429647,0.0295664835593044
"404","PSMC5",0.977204849161699,0.0438736258721007
"405","SOX9",0.973043294721965,0.0436949483404217
"406","NLGN2",0.824437838696963,0.0372704663559557
"407","UNK",0.708654104047128,0.0322047842129353
"408","NFIX",0.919119147321836,0.04137364595689
"409","NACC1",0.872893040410677,0.0393747356653643
"410","SIN3B",0.333531910859929,0.0154202322491026
"411","ANO8",1,0.0448511588948712
"412","KCNN1",0.971439507564304,0.0436260714509371
"413","TSSK6",0.929850483398004,0.0418365014247476
"414","ATP13A1",1.19642092683108,0.0531922569387272
"415","AP3D1",2.30622215733747,0.0977122101614987
"416","ZNF536",0.193123383892604,0.00898704282747199
"417","GNA11",0.902857808774306,0.0406714219801583
"418","LRFN3",1.02749058199964,0.04602739229675
"419","PIP5K1C",0.912251552762731,0.0410772035905571
"420","MAP4K1",1.08680816026736,0.0485555570165258
"421","HNRNPL",1.27198108582322,0.0563622810988673
"422","LRFN1",1,0.0448511588948712
"423","GRIK5",0.518908939726639,0.023786929580559
"424","MEGF8",0.377644129716116,0.0174241436456929
"425","CADM4",1.08622371135534,0.0485307126814111
"426","CLASRP",0.339171693660765,0.015676889526974
"427","KCNC3",1,0.0448511588948712
"428","PTPRS",0.300041246856543,0.0138933654132937
"429","BRSK1",1.55654205209901,0.0681125204119706
"430","HCN2",0.853175778223405,0.0385195829580333
"431","EVI5L",0.825207462654289,0.0373039609465741
"432","MAP2K7",0.886825932491186,0.039978099165263
"433","KCNJ3",0.902485045641304,0.0406553126446637
"434","FZD7",0.961240418246419,0.0431878249750401
"435","KCNK12",0.964332879706086,0.0433207479216668
"436","GFPT1",0.940444310203985,0.0422929877521984
"437","INPP4A",0.457859735042327,0.0210473183043199
"438","STK35",0.723627686723908,0.0328628962843401
"439","SRC",1.00896634640093,0.0452351185726093
"440","PLCG1",0.806708939656542,0.0364982461035504
"441","KCNB1",0.280722083862483,0.0130104331934942
"442","RBM38",0.687611936972471,0.0312784333294592
"443","POTED",1,0.0448511588948712
"444","PRDM15",0.183553959250861,0.00854553282250401
"445","ADARB1",0.993940409747734,0.0445914983112209
"446","GNAZ",0.912971196706755,0.041108275897952
"447","SF3A1",0.71717234795302,0.0325792839707074
"448","PATZ1",0.655000679466001,0.0298392609158939
"449","EIF3D",1.08767040688451,0.04859220788357
"450","CSNK1E",0.636880756812619,0.0290377582104903
"451","KCNJ4",0.975343872161404,0.0437937325452933
"452","BRD1",0.247838630326304,0.0115039387176258
"453","ATP6V1A",0.927231627692767,0.0417235882531251
"454","ZBTB20",0.963664700176692,0.0432920307589321
"455","ADCY5",3.81413330648921,0.151896373165934
"456","PAQR9",0.855785715938527,0.0386328653664496
"457","ZIC1",1,0.0448511588948712
"458","TSC22D2",1,0.0448511588948712
"459","SATB1",0.831823999259388,0.0375918212809693
"460","ABCC5",0.421268926871904,0.0193979063633556
"461","TP63",1.4418621018034,0.0634124760486008
"462","SNRK",0.662943959162446,0.0301902008050213
"463","PLXNB1",2.28891094530502,0.0970499343307923
"464","PCDH10",1,0.0448511588948712
"465","TBC1D9",1.03433027502779,0.0463195908037419
"466","MAB21L2",1.02926242124815,0.0461031042191946
"467","CLCN3",0.778596704630725,0.0352712145307408
"468","ADRA2C",1,0.0448511588948712
"469","RBM47",1.02591599035762,0.0459600988146819
"470","POLR2B",0.998255768395894,0.0447764309824581
"471","PPP2R2C",0.891170954552297,0.0401661052151382
"472","CNOT6L",0.949457126508681,0.042681006293366
"473","TERT",0.883104535193064,0.0398170183574545
"474","CTNNA1",1.88223634860266,0.081207168881586
"475","PURA",0.976576520713136,0.0438466526898125
"476","PCDHGC3",1.03869027011853,0.0465057607404564
"477","HDAC3",0.8148994042657,0.0368551532704915
"478","GRM1",0.535831305267646,0.0245436163864112
"479","VARS",0.320512060275476,0.0148272087098909
"480","DEF6",1.46040706402556,0.0641757338284462
"481","BRPF3",0.654082403817287,0.0297986744494028
"482","USP49",0.803778397859906,0.0363704807382826
"483","GTPBP2",1.06066781433678,0.0474430870024212
"484","EEF1A1",1.07921633867073,0.0482327352517537
"485","ACTL6B",1.06213352105127,0.0475055327814981
"486","SRRT",0.532004845273386,0.0243726181509002
"487","VGF",0.542954319273612,0.0248617726308364
"488","OR2A1",1,0.0448511588948712
"489","REPIN1",0.742070702611247,0.0336722661775785
"490","ELMO1",1.04928254605877,0.0469577437738954
"491","OGDH",1.18847136144076,0.0528575049811388
"492","IKZF1",1.04001010485799,0.0465621027918012
"493","FSCN1",0.800182705545991,0.0362136699292769
"494","NCF1",1,0.0448511588948712
"495","GRM3",0.581481858284809,0.0265790512201143
"496","FAM83H",0.473306674481015,0.0217419589419873
"497","EGR3",1,0.0448511588948712
"498","XKR4",0.907972511865448,0.0408924044160443
"499","BHLHE22",1.19238440915196,0.053022310909011
"500","HSPA5",0.746320441595592,0.0338585735415996
"501","LRRC8A",0.644061110051303,0.0293555267907952
"502","NTNG2",0.793247717145576,0.0359110857574981
"503","BRD3",0.510079860696191,0.0233916694015919
"504","CACNA1B",0.646249545520819,0.0294523352741024
"505","NPR2",0.582068552262033,0.0266051550347146
"506","APBA1",0.748227378362574,0.033942149765775
"507","PCDH19",0.758501800092019,0.0343922030154457
"508","IRS4",0.568605302977409,0.0260057810009714
"509","TRPC5",1.16538529213568,0.0518840196762687
"510","PDZD4",0.886368333471075,0.0399582948905446
"511","EIF2S3",1.02364444051843,0.0458630026308911
"512","IQSEC2",1.03476591894984,0.0463381958830372
"513","FAM120C",0.799253320513252,0.0361731304578645
"514","NLGN4X",1.31041699405287,0.0579666761801621
"515","NLGN3",1.3942853639095,0.0614486469727602
"516","AMY1A",1.29478313867721,0.0573147450998775
"517","AMPD2",0.19631646570275,0.00913427638301374
"518","NBPF15",0.0107628651986708,0.000505139211922811
"519","TCHH",3.73414366292702e-05,1.75344794325249e-06
"520","DNM3",2.26064768544274,0.0959665735979271
"521","TMCC2",1.8970322418045,0.081793309549358
"522","ACTA1",1.6032651046518,0.0700139215475787
"523","ZNF672",1.40769836961679,0.0620031298696126
"524","OPRD1",0.394525615494235,0.01818887222672
"525","EIF3I",4.0903200925753,0.161123205179562
"526","SZT2",0.0353563031006819,0.0016574828044903
"527","WNT8B",0.419072364884093,0.0192987145932479
"528","FBXL15",0.330431861495546,0.0152790970664689
"529","INA",0.957252684944042,0.0430163661178346
"530","PRLHR",2.18250316168093,0.0929576356940014
"531","ANXA8L1",0.550569605531951,0.0252016872160832
"532","TUBB8",0.0983120386800845,0.00459524877019412
"533","ASAH2",0.379898981851636,0.0175263570094215
"534","GLUD1",1.21122813962422,0.0538151503318938
"535","PANK1",0.723501662454749,0.0328573610580622
"536","ABCG4",0.729722939923421,0.0331305358132272
"537","LRP4",0.287802411898431,0.0133342047029585
"538","EML3",0.135431775687972,0.00631931547151391
"539","CREBZF",1.14059138953935,0.0508362879389999
"540","FUT4",0.421082759205656,0.0193895002309591
"541","FBXL14",1.13745332706576,0.0507035157241427
"542","ITPR2",0.0520249006340476,0.00243699260466541
"543","WNT1",0.395122038725999,0.0182158683328106
"544","KCNA1",0.835378587674141,0.0377463968266004
"545","FMNL3",0.244838996910033,0.0113662871510717
"546","NALCN",0.184233089555284,0.00857687921324505
"547","METTL3",0.521422508384362,0.0238993985114725
"548","MYH7",0.562092111556232,0.0257155534701831
"549","NYNRIN",0.447099443603057,0.0205628504975008
"550","TMEM30B",1.6698009796031,0.0727082549133173
"551","ACOT1",0.251939502946188,0.011692063548152
"552","EML5",0.120931472924594,0.00564654438033688
"553","CKMT1B",1.8382402680364,0.0794598307799778
"554","HCN4",0.474623371590934,0.0218011245162257
"555","ITPRIPL2",0.929136999795122,0.0418057418873907
"556","ZNF689",0.753531655789367,0.0341745468244845
"557","ZSCAN10",0.570596824805667,0.0260944886132627
"558","ZNF668",0.606438154490594,0.0276881979250674
"559","CLEC18A",3.29868522907434,0.134122047128122
"560","DHX38",6512.89640161492,0.996740841603987
"561","HS3ST3B1",1.6032651046518,0.0700139215475787
"562","KIAA0100",0.0156610514651572,0.000734859427423585
"563","THRA",0.680699463993285,0.0309737346444289
"564","KLHL11",0.207957501509557,0.00967067627935863
"565","KAT2A",3.38486530201357,0.137145503607757
"566","CNTNAP1",0.552700828166325,0.0252967736605653
"567","EZH1",0.456742887027583,0.0209970560005243
"568","NAGS",0.797924348733069,0.0361151552176991
"569","CDC27",0.546377492305643,0.0250145981090103
"570","HOXB8",1.39606436603969,0.0615222271984144
"571","CHRNE",0.5658481531778,0.0258829436320878
"572","GALR2",1.4638803842286,0.0643185474925097
"573","CBX4",0.813673765908132,0.0368017617553918
"574","ACTG1",0.538460895757955,0.0246610937361248
"575","TUBB6",2.08368970252576,0.0891240468940517
"576","MIB1",2.32325229856931,0.0983627857668319
"577","NOTCH3",0.089254235346218,0.00417364078278336
"578","CHST8",1.32093019688619,0.0584045694472602
"579","ATP4A",0.984299650105692,0.0441780892848349
"580","RYR1",0.0279046060630488,0.00130860874477068
"581","NKPD1",2.1805900526099,0.0928837206432171
"582","PPP1R13L",0.225237600087396,0.010465844947795
"583","GPR4",0.709476995668762,0.0322409748274626
"584","DMWD",0.357466674586757,0.0165085438518574
"585","LRRC4B",0.478922501424919,0.0219942554063161
"586","ZNF835",0.228362554681315,0.0106095079205862
"587","ZBTB45",1.08420598234959,0.0484449310790304
"588","INSR",0.662515533317731,0.0301712791165872
"589","PNPLA6",0.41278302951112,0.0190145914164558
"590","KCNF1",1.02381875254352,0.0458704542053461
"591","LCT",0.0595800167674286,0.00278990812772879
"592","SLC4A10",0.719632013499861,0.0326873678481149
"593","PXDN",1.81736687326437,0.0786285012238769
"594","RHOB",1.26164855997769,0.055930047439473
"595","TUBA4A",1.8082399551961,0.078264529335105
"596","INPP5D",0.169147478625288,0.0078801103774942
"597","ADCY3",0.721792463677073,0.0327822835303147
"598","DNMT3A",0.128368077855567,0.00599169457827638
"599","KCNG3",1.77676026859886,0.0770069431709565
"600","SOX11",0.828643144402921,0.0374534558778466
"601","EGR4",0.366093805159439,0.0169002290624362
"602","HTRA2",0.275854391358492,0.0127877185036551
"603","GPAT2",0.48078250299707,0.0220777890918746
"604","ZAP70",0.232267546598596,0.0107889727857015
"605","KIF3B",1.07458128085841,0.0480355341792228
"606","ZFP64",0.208363093909732,0.00968935484448433
"607","LRRN4",0.0720102578810357,0.00337000802198861
"608","PRPF6",1.10533837152257,0.049342585518114
"609","PLCB4",0.381834133986463,0.0176140612869448
"610","ADAMTS5",0.880096897692486,0.0396867931634699
"611","ABCG1",0.84590123823788,0.0382036959979784
"612","PI4KA",0.125116799134291,0.00584082462494723
"613","TOP3B",0.885742324208101,0.0399312007218101
"614","ACO2",0.381352077975633,0.017592215180198
"615","SCO2",0.574607633161898,0.0262730915198636
"616","CASR",0.437229828331384,0.0201180623922588
"617","CHST2",0.351609743167808,0.0162424520932881
"618","GP5",0.86329556438828,0.0389586759011722
"619","EPM2AIP1",1.19211870840391,0.0530111221989837
"620","CADPS",0.297992435416232,0.0137998046897934
"621","CPNE9",0.386840250494374,0.0178408740883924
"622","KIAA1109",0.848933361850998,0.0383353870471706
"623","NOA1",0.19823102936521,0.00922253626713766
"624","TADA2B",0.605968315267686,0.0276673399417113
"625","TRPC7",0.212738702061367,0.00989081797321922
"626","IK",0.209692778134631,0.00975058525544227
"627","F12",2.33963780354381,0.0989878503930718
"628","DDX41",0.342534012545751,0.0158298394951941
"629","MAST4",0.0116800754725293,0.000548163526717085
"630","MEF2C",1.16519306865495,0.0518759056631974
"631","BEND3",1.98167603821086,0.0851321569128267
"632","MED23",0.910970143420647,0.0410218707650222
"633","GFOD1",1.63790408331631,0.0714185586678106
"634","LPA",0.00598358507679147,0.000280893751669044
"635","SOX4",0.909094780663902,0.0409408787907074
"636","DHX16",0.435698528736966,0.0200490160162243
"637","MDC1",0.0154965523487098,0.000727146291007452
"638","VARS2",0.0465891626417366,0.00218292318283228
"639","HLA-C",341039030979367,0.999999999999938
"640","HLA-B",42955746.9225597,0.999999504234965
"641","EHMT2",0.318111296668347,0.0147177815647371
"642","CFB",0.217610847432249,0.0101150463974857
"643","ITPR3",1.25918146083802,0.0558267843606886
"644","ZNF282",0.505041743894936,0.0231659795407112
"645","ZNF775",0.590073028110681,0.0269611589161549
"646","FBXL18",0.541598640944868,0.0248012359515987
"647","FZD1",0.366021092568623,0.0168969291008617
"648","FAM84B",0.722112115023083,0.0327963252834753
"649","KCNK9",1.15468470282395,0.051432121912105
"650","TIGD5",0.54597959193161,0.0249968365492485
"651","CPSF1",0.109815211253598,0.00513016555237528
"652","ARHGAP39",0.0448191095755977,0.00210016198130657
"653","RNF20",0.644862557265618,0.0293909821629092
"654","ADAMTSL2",0.324808088329724,0.0150229616258627
"655","KCNT1",0.454946543883237,0.020916203067675
"656","NACC2",0.989585458287167,0.0444047962994376
"657","CNTNAP3",0.1449335747442,0.00675967728147452
"658","TRPM3",0.108142860912012,0.0050524341799151
"659","PCSK5",0.238019748140387,0.0110532127993474
"660","GPR88",0.913565777839324,0.0411339468073472
"661","AHCYL1",1.05783551737722,0.0473223950559356
"662","KCND3",1.1479220179633,0.0511463040059619
"663","TRIM46",1.09929764480863,0.0490861624977105
"664","MEX3A",1.03283442645068,0.0462557019546745
"665","GNB1",0.848121678459937,0.0383001375874648
"666","DHX9",1.00227399850508,0.0449485659929066
"667","TPR",0.354442593463038,0.0163711719555737
"668","GPR25",0.917520860699192,0.0413046716641643
"669","PROX1",0.781908843347996,0.0354159438267655
"670","KDM1A",0.869424378366104,0.0392244074262675
"671","PUM1",0.873783461106584,0.0394133179932209
"672","KPNA6",0.849316206117695,0.0383520121571226
"673","JUN",0.901025786262465,0.0405922440710118
"674","SERBP1",0.821283170005956,0.0371331485353543
"675","PIK3CD",0.507221268259093,0.0232636273448336
"676","EBF3",0.905856451578835,0.0408009916807923
"677","ZMYND11",0.690441138447039,0.0314030879957711
"678","PPP3CB",1.04623393104382,0.0468277002378427
"679","ZMIZ1",0.468738838328897,0.0215366484595084
"680","ACTA2",0.997301555499812,0.0447355448015817
"681","BTAF1",0.322605418600768,0.0149226044435488
"682","B3GAT1",0.757175135229341,0.0343341143370182
"683","KCNC1",0.952872143359069,0.0428279470096034
"684","RTN4RL2",0.939292596343591,0.042243381657443
"685","DDB1",1.05677085189068,0.0472770188281711
"686","SF1",0.980687249207376,0.0440230924102006
"687","MEN1",0.755951907166769,0.0342805484969669
"688","PACS1",0.949098327869793,0.0426655653525273
"689","RBM14",1.0668505516523,0.0477064441985633
"690","SPTBN2",0.376841419834273,0.017387751347071
"691","KDM2A",0.745325996300772,0.0338149837778036
"692","GRIN2B",1.25642318137855,0.0557113068676414
"693","DHH",0.947103626326083,0.042579714058543
"694","TUBA1B",1.003353483685,0.0449947989634219
"695","TUBA1A",0.954802481925819,0.0429109853087424
"696","ACVR1B",0.852575234591625,0.0384935130293051
"697","ANKRD52",0.646686871840322,0.0294716786964047
"698","CPSF6",1.06968577236258,0.0478271633355279
"699","ARGLU1",0.922892821600558,0.0415364600478934
"700","XPO4",0.489640106927625,0.0224753932169226
"701","DCLK1",0.843032327024108,0.0380790603698634
"702","YY1",1.02701179240853,0.046006931222081
"703","AKT1",0.736045129620994,0.0334079835503433
"704","DICER1",0.355228621818008,0.0164068817671785
"705","CYP46A1",1.02016623150001,0.0457142901394636
"706","GOLGA6L1",0.600524587776622,0.0274256065211841
"707","UBE3A",0.853009389079148,0.0385123600555235
"708","ACTC1",0.933097884299577,0.0419764776628942
"709","RTF1",0.935744681152775,0.0420905351666698
"710","FBN1",0.632514409053836,0.0288444224955862
"711","FEM1B",1.06174776054986,0.0474890984217238
"712","TLE3",1.130478066603,0.0504082576062283
"713","ARIH1",1.12502445283877,0.0501772818086337
"714","CSK",1.19397328125178,0.0530892131038958
"715","SIN3A",0.48245179253663,0.0221527456469665
"716","LINGO1",0.972504894583577,0.0436718270973805
"717","NR2F2",1.07548527831547,0.0480740016604629
"718","PRKCB",0.979680242552371,0.0439798759299955
"719","SULT1A4",0.901181434965831,0.0405989715372646
"720","PPP4C",0.96511392923869,0.0433543138502083
"721","SULT1A3",0.793371091918264,0.0359164704478489
"722","CREBBP",0.64312049580258,0.0293139114782287
"723","ZNF319",0.679808197797901,0.0309344340823906
"724","CTCF",1.12380908051584,0.0501257920795774
"725","FBXL16",0.675652082601315,0.0307511272472964
"726","USP7",0.959558433958917,0.0431155129111187
"727","TUBB3",0.890625246470158,0.040142496853552
"728","GRIN2A",0.534492194114273,0.024483780518731
"729","ABR",1.07772727460102,0.0481693911137299
"730","USP22",0.764230969664092,0.0346429773097358
"731","SUPT6H",0.608889568322719,0.0277970111689683
"732","CDK5R1",0.992822013491747,0.0445435582797386
"733","LHX1",1.08671633050546,0.0485516535116703
"734","SRCIN1",0.750427997121537,0.0340385793606727
"735","STAT3",0.940534339183475,0.0422968652228523
"736","UBTF",0.748053116999567,0.0339345129304887
"737","EFTUD2",1.00857472884876,0.0452183550508635
"738","SP6",0.931582874381007,0.0419111796392011
"739","IGF2BP1",1.04587022082647,0.0468121832288081
"740","UBE2O",0.306834998091656,0.0142034808733731
"741","SRSF2",1.03315286034211,0.0462693032294944
"742","DLGAP1",0.927764144471351,0.0417465501150771
"743","CXXC1",0.603583027377771,0.0275614339656331
"744","ONECUT2",0.804558310964556,0.0364044865932639
"745","TNPO2",0.656404530884979,0.0299013025714417
"746","TECR",1.01035291188144,0.0452944669535652
"747","BRD4",0.974390300218485,0.0437527897163017
"748","CHERP",0.770646858491387,0.0349236557643943
"749","MAU2",0.918777195714307,0.0413588898198718
"750","FBXO46",0.440294696454004,0.020256228229099
"751","PRMT1",0.952986700329894,0.0428328753638928
"752","AP2A1",0.843470033121511,0.038098077955646
"753","PPP2R1A",0.833927718555382,0.0376833100384875
"754","TUBB4A",0.983469197631559,0.0441424616041934
"755","ELAVL1",0.953390544131632,0.0428502487192232
"756","NR4A2",0.670251949016588,0.030512848953609
"757","MYCN",0.811630845430348,0.0367127544676377
"758","SCN2A",1.09220171647272,0.0487847704431836
"759","SCN1A",0.973351186684083,0.0437081700575876
"760","MYT1L",0.611653927469296,0.0279196862015632
"761","SF3B1",1.11002565830864,0.0495414610520614
"762","SATB2",0.915289264837669,0.0412083502128774
"763","CUL3",0.731511704668744,0.0332090514691331
"764","PSMD1",0.345482626091873,0.0159639311292303
"765","SIX3",1.01117360180312,0.0453295910060257
"766","PRKCE",0.761224733812111,0.0345114061285427
"767","XPO1",0.925742889182939,0.0416593887407956
"768","PCBP1",1.00591760379732,0.0451045990088251
"769","CENPB",0.704279941685383,0.0320123639532666
"770","PPP1R16B",1.26340849170503,0.0560036974656018
"771","TOP1",0.914360891707078,0.0411682735254519
"772","KCNG1",1.04421619743843,0.0467416110735529
"773","EEF1A2",0.918058574664077,0.0413278778967752
"774","HIRA",1.1805565788642,0.052523982468942
"775","CACNG2",0.899911844665281,0.0405440944045328
"776","MGAT3",1.00233846481305,0.0449513271281605
"777","SLC6A1",1.00318177827516,0.0449874453395553
"778","SEC61A1",0.886184873933081,0.0399503547771889
"779","PIK3CA",0.906822823441544,0.040842740618707
"780","SOX2",1.09279485637518,0.0488099707507686
"781","AP2M1",1.06994125298118,0.0478380397860854
"782","TRA2B",0.850884479932414,0.0384201088478359
"783","PAK2",0.651522993124722,0.0296855342432572
"784","TRIM71",1.19413289592287,0.053095933431876
"785","CTNNB1",0.747059348644233,0.0338909596880766
"786","SEMA3F",0.950333282939468,0.0427187096933565
"787","FEZF2",0.715896736129684,0.0325232208737071
"788","BRPF1",0.662946923530861,0.0301903317255862
"789","SMARCA5",0.926019417387788,0.0416713142362436
"790","DHX15",0.997668884220737,0.044751284542635
"791","PHOX2B",1.09196643739944,0.0487747739408665
"792","HNRNPA0",0.892422927980753,0.0402202635603786
"793","ETF1",0.97714948260944,0.043871249131571
"794","CSNK1A1",0.943718736748537,0.0424339942920332
"795","EBF1",0.929233117535125,0.0418098858079073
"796","CPEB4",0.680331848907697,0.0309575249695891
"797","HCN1",1.04288363228982,0.0466847469637936
"798","TNPO1",0.890273418226702,0.0401272754839601
"799","PDE8B",0.744992268506742,0.0338003545243003
"800","TFAP2A",0.927760258751035,0.041746382568711
"801","CDK19",0.885713683305278,0.0399299610846323
"802","TUBB",0.977112603332936,0.0438696659946297
"803","DDX39B",1.14416022071313,0.0509872409559807
"804","ZBTB12",0.952187568936868,0.0427984948824201
"805","SRF",1.19521538087901,0.0531415072637703
"806","LRRC73",0.845812351516754,0.0381998349299524
"807","NRF1",0.939976678162716,0.042272846737588
"808","TRIM24",0.517005997199982,0.0237017657063605
"809","ZNF777",1.00169898835691,0.044923937215879
"810","AGAP3",0.616950056433263,0.0281546281070729
"811","GCK",1.08467588390536,0.0484649098254488
"812","ACTB",0.95486968482898,0.0429138759487042
"813","YWHAG",0.879653096054159,0.0396675743747763
"814","UBR5",0.639168566700244,0.0291390284724003
"815","XKR6",0.811192946520344,0.0366936736622217
"816","KCNV1",1.08588354257629,0.0485162518515604
"817","HAS2",0.86039853089484,0.038833015905867
"818","ARC",0.729734216733527,0.0331310308350557
"819","PUF60",1.36396531370639,0.0601928213776206
"820","SOX17",1.22811240264885,0.0545244194181873
"821","LHX2",0.969418061812731,0.0435392434922322
"822","STXBP1",1.01609685040537,0.0455402429472313
"823","GTF3C4",1.28572458369278,0.0569365907072319
"824","GRIN1",0.921940080188157,0.0414953595128347
"825","SMU1",0.975984512842419,0.0438212373020566
"826","TLE4",0.881804660056721,0.0397607404792528
"827","HNRNPK",0.960761709301923,0.0431672453771401
"828","CLCN4",0.916859636255211,0.0412761335240398
"829","WDR44",0.699370999130771,0.0317963274686326
"830","GRIA3",1.01008859421534,0.0452831540826358
"831","SLC9A6",1.043665798044,0.0467181248854366
"832","HCFC1",0.85115091937149,0.0384316770707121
"833","RPS6KA3",0.818307435516236,0.037003583534804
"834","KLHL15",1.08588317055603,0.0485162360364597
"835","MED14",0.741120934746808,0.0336306187969262
"836","USP9X",0.70706831102677,0.0321350337075026
"837","CASK",1.00106770638568,0.0448968967469295
"838","RBM10",0.898533649347247,0.0404845157907631
"839","UBA1",0.863674252876535,0.038975099238846
"840","KDM5C",0.618786189375775,0.0282360544052309
"841","HUWE1",1.02298439928225,0.0458347858152384
"842","MED12",0.797714264959027,0.0361059898570219
"843","ZMYM3",0.859247979357771,0.038783101151895
"844","TAF1",0.862831688309956,0.0389385572987044
"845","OGT",1.05674085278397,0.0472757401984235
"846","ATRX",0.950540570659366,0.0427276294146705
"847","AHDC1",0.64412688878236,0.0293584368858657
"848","ZNF503",0.866969495497417,0.0391179868964255
"849","MYOD1",0.913072914894183,0.0411126676557425
"850","PIAS1",0.844130830729635,0.0381267870637862
"851","SAMD4B",0.758720975443475,0.0344017990441748
"852","HNRNPUL1",0.976986543094144,0.0438642544979911
"853","WDR33",1.67622896228316,0.0729677257556887
"854","ZNRF3",0.540035615157364,0.0247314310162069
"855","CBX6",0.867516163630463,0.0391416873026497
"856","LTB",0.775484563170452,0.0351351848583326
"857","TSC1",1.4108046786655,0.062131448773252
