transcript,gene,chr,start,bp,p_syn,p_mis,esp_syn,esp_mis,exp_syn,exp_mis,syn_z_sign,mis_z_sign,ratio_missing
NM_001376,DYNC1H1,14,102430864,13941,6.95E-05,1.57E-04,165,104,172.1756,388.4357,0.4215,9.9773,0.7323
NM_006445,PRPF8,17,1553922,7008,3.04E-05,7.85E-05,96,27,74.8705,194.4707,-1.8820,8.3023,0.8612
NM_031407,HUWE1,X,53559056,13125,4.64E-05,1.24E-04,91,66,91.6468,247.4135,0.0521,7.9735,0.7332
NM_001244580,TRRAP,7,98476112,11580,6.12E-05,1.32E-04,166,125,151.5307,328.1545,-0.9059,7.7531,0.6191
NM_002332,LRP1,12,57522281,13635,8.46E-05,1.83E-04,208,218,209.7476,454.7546,0.0930,7.6754,0.5206
NM_004667,HERC2,15,28356182,14505,7.85E-05,1.61E-04,200,208,194.4634,400.6870,-0.3060,6.6549,0.4809
NM_001128844,SMARCA4,19,11071597,4944,3.12E-05,6.39E-05,94,38,76.9195,158.1228,-1.5010,6.6042,0.7597
NM_000937,POLR2A,17,7387697,5913,2.99E-05,6.93E-05,93,47,73.8242,171.6522,-1.7201,6.5776,0.7262
NM_001109662,C12orf51,12,112597991,12855,5.57E-05,1.20E-04,118,136,137.8455,298.7229,1.3027,6.5088,0.5447
NM_001035,RYR2,1,237205701,14904,5.72E-05,1.38E-04,128,170,141.6899,342.2276,0.8864,6.4363,0.5033
NM_014191,SCN8A,12,51985019,5943,2.36E-05,5.91E-05,51,34,58.0843,146.3088,0.7164,6.4190,0.7676
NM_005120,MED12,X,70338405,6534,2.45E-05,6.51E-05,42,24,47.8003,128.9067,0.6466,6.3878,0.8138
NM_198839,ACACA,17,35441926,7041,2.42E-05,6.82E-05,52,49,59.5780,168.8887,0.7567,6.3777,0.7099
NM_015312,KIAA1109,4,123091757,15018,4.45E-05,1.23E-04,92,147,109.9628,306.2878,1.3202,6.2923,0.5201
NM_014014,SNRNP200,2,96940073,6411,2.78E-05,7.06E-05,74,57,68.5759,174.9725,-0.5048,6.1657,0.6742
NM_001273,CHD4,12,6679247,5739,2.07E-05,5.94E-05,50,39,50.9303,147.1101,0.1005,6.1622,0.7349
NM_199460,CACNA1C,12,2162415,6666,3.65E-05,7.69E-05,96,70,90.2267,190.4075,-0.4684,6.0325,0.6324
NM_004958,MTOR,1,11166587,7650,3.17E-05,7.97E-05,77,76,78.1544,197.4011,0.1006,5.9736,0.6150
NM_007327,GRIN1,9,140033608,2817,1.96E-05,3.71E-05,40,9,48.1420,91.7186,0.9044,5.9712,0.9019
NM_015063,SLC8A2,19,47931278,2766,2.13E-05,3.64E-05,39,8,52.3985,89.7608,1.4265,5.9661,0.9109
NM_001606,ABCA2,9,139901685,7311,4.89E-05,9.46E-05,119,105,121.0212,234.5051,0.1416,5.8466,0.5522
NM_003660,PPFIA3,19,49622662,3585,2.17E-05,4.84E-05,34,28,53.4709,119.7001,2.0522,5.7944,0.7661
NM_001197104,MLL,11,118307204,11919,4.22E-05,1.06E-04,93,128,104.1727,262.7501,0.8437,5.7471,0.5128
NM_015902,UBR5,8,103264501,8400,2.70E-05,7.67E-05,58,76,66.6063,190.0560,0.8127,5.7196,0.6001
NM_001256214,ATP1A3,19,42470733,3081,1.94E-05,3.85E-05,52,16,47.6402,95.1770,-0.4868,5.6108,0.8319
NM_001168272,ITPR1,3,4535031,8232,3.67E-05,8.09E-05,91,86,90.5793,200.4612,-0.0341,5.5890,0.5710
NM_012154,EIF2C2,8,141541263,2580,1.76E-05,3.48E-05,51,11,43.0787,85.8360,-0.9302,5.5843,0.8718
NM_004859,CLTC,17,57697049,5028,1.58E-05,4.52E-05,37,27,38.5775,111.8495,0.1957,5.5465,0.7586
NM_001110556,FLNA,X,153576899,7944,5.49E-05,1.04E-04,106,91,108.5886,206.0548,0.1915,5.5412,0.5584
NM_002911,UPF1,19,18942743,3357,2.35E-05,4.36E-05,51,25,57.7974,107.8132,0.6891,5.5138,0.7681
NM_001040429,PCDH17,13,58205788,3480,2.84E-05,5.06E-05,38,36,69.9078,125.1922,2.9412,5.5110,0.7124
NM_003482,MLL2,12,49412757,16614,7.03E-05,1.66E-04,189,251,174.1651,412.8401,-0.8663,5.5066,0.3920
NM_006772,SYNGAP1,6,33387846,4032,1.87E-05,4.68E-05,30,30,45.7944,115.6607,1.7988,5.5065,0.7406
NM_005334,HCFC1,X,153213007,6108,3.72E-05,6.94E-05,66,45,73.1515,137.4094,0.6444,5.4500,0.6725
NM_014966,DHX30,3,47844398,3468,1.82E-05,4.47E-05,45,28,44.7237,110.5518,-0.0318,5.4279,0.7467
NM_003128,SPTBN1,2,54683453,7095,3.60E-05,8.01E-05,110,88,88.9362,198.5240,-1.7214,5.4230,0.5567
NM_012433,SF3B1,2,198256697,3915,1.27E-05,3.53E-05,33,14,30.9700,87.1796,-0.2811,5.4184,0.8394
NM_001012279,SOGA3,6,127759550,2844,2.08E-05,3.80E-05,24,18,51.0733,93.9591,2.9197,5.4175,0.8084
NM_015092,SMG1,16,18816174,10986,3.79E-05,9.38E-05,73,113,93.5872,232.4190,1.6401,5.4154,0.5138
NM_138576,BCL11B,14,99635624,2685,2.27E-05,3.71E-05,30,17,55.7641,91.7038,2.6591,5.3931,0.8146
NM_003070,SMARCA2,9,2015341,4773,1.95E-05,4.81E-05,67,34,47.8484,118.9994,-2.1338,5.3868,0.7143
NM_021096,CACNA1I,22,39966757,6672,2.89E-05,6.18E-05,83,57,71.3593,152.9285,-1.0620,5.3628,0.6273
NM_000257,MYH7,14,23881946,5808,3.19E-05,6.87E-05,98,69,78.6861,170.1733,-1.6781,5.3618,0.5945
NM_006306,SMC1A,X,53401069,3702,1.24E-05,3.82E-05,20,8,23.6130,75.2573,0.5730,5.3599,0.8937
NM_001039590,USP9X,X,40944887,7713,2.46E-05,6.66E-05,34,43,48.1465,131.9402,1.5713,5.3530,0.6741
NM_000834,GRIN2B,12,13714409,4455,2.29E-05,5.01E-05,59,38,56.4464,123.8726,-0.2620,5.3340,0.6932
NM_021007,SCN2A,2,166150340,6018,2.03E-05,5.37E-05,64,44,49.9764,132.7570,-1.5289,5.3255,0.6686
NM_015557,CHD5,1,6161846,5865,3.58E-05,6.98E-05,103,72,88.4976,172.7718,-1.1881,5.3002,0.5833
NM_001190482,PCSK5,9,78505559,5583,2.65E-05,5.86E-05,56,53,65.1922,144.9290,0.8774,5.2791,0.6343
NM_001080457,LRRC4B,19,51020149,2142,1.92E-05,3.35E-05,23,14,47.2194,82.7745,2.7164,5.2260,0.8309
NM_000836,GRIN2D,19,48898131,4011,1.82E-05,3.48E-05,27,16,44.7535,85.8351,2.0453,5.2111,0.8136
NM_004606,TAF1,X,70586113,5682,1.94E-05,5.61E-05,29,32,37.5830,110.8587,1.0790,5.1779,0.7113
NM_173565,RSPH10B,7,6793739,2613,1.27E-05,2.74E-05,10,6,31.0619,67.4937,2.9125,5.1747,0.9111
NM_001099697,RSPH10B2,7,6793739,2613,1.27E-05,2.74E-05,10,6,31.0619,67.4937,2.9125,5.1747,0.9111
NM_007126,VCP,9,35056064,2421,8.57E-06,2.58E-05,15,4,20.7160,63.5049,0.9679,5.1622,0.9370
NM_016284,CNOT1,16,58553854,7131,2.40E-05,6.41E-05,54,65,59.1411,158.8129,0.5152,5.1465,0.5907
NM_007118,TRIO,5,14143828,9294,4.60E-05,9.65E-05,110,125,113.6934,239.3355,0.2670,5.1094,0.4777
NM_001037332,CYFIP2,5,156693186,3762,1.76E-05,4.16E-05,44,28,43.2071,102.7921,-0.0930,5.0999,0.7276
NM_015678,NBEA,13,35516423,8841,2.77E-05,7.40E-05,83,84,68.2687,183.2412,-1.3741,5.0684,0.5416
NM_003169,SUPT5H,19,39936287,3264,1.70E-05,3.94E-05,41,25,41.5526,97.2511,0.0661,5.0651,0.7429
NM_015898,ZBTB7A,19,4045215,1755,1.43E-05,2.33E-05,12,2,34.8744,57.3322,2.9853,5.0521,0.9651
NM_031866,FZD8,10,35927176,2085,1.62E-05,2.76E-05,29,8,39.5958,67.9551,1.2978,5.0281,0.8823
NM_014991,WDFY3,4,85590692,10581,3.77E-05,9.55E-05,80,125,93.0473,236.6964,1.0425,5.0192,0.4719
NM_001136195,TNPO2,19,12810007,2664,1.43E-05,2.87E-05,39,10,34.9092,70.7539,-0.5336,4.9933,0.8587
NM_001389,DSCAM,21,41384342,6039,3.24E-05,6.91E-05,87,77,80.0172,171.2396,-0.6016,4.9788,0.5503
NM_032999,GTF2I,7,74072029,2997,1.24E-05,2.83E-05,18,10,30.2852,69.7308,1.7205,4.9451,0.8566
NM_001160233,ATP1A1,1,116916488,3072,1.31E-05,3.04E-05,37,13,31.9070,74.8950,-0.6949,4.9445,0.8264
NM_020765,UBR4,1,19400999,15552,6.38E-05,1.52E-04,178,238,157.8498,376.7002,-1.2361,4.9405,0.3682
NM_015057,MYCBP2,13,77618791,14037,4.56E-05,1.17E-04,124,169,112.7608,290.8306,-0.8157,4.9388,0.4189
NM_052867,NALCN,13,101706129,5217,2.27E-05,5.43E-05,51,52,55.8783,134.4640,0.5030,4.9164,0.6133
NM_001042492,NF1,17,29421944,8520,2.76E-05,7.28E-05,73,85,68.0473,180.3747,-0.4627,4.9095,0.5288
NM_001005271,CHD3,17,7788122,6180,2.56E-05,6.34E-05,60,68,62.9624,156.8677,0.2877,4.9053,0.5665
NM_001130823,DNMT1,19,10244021,4899,2.76E-05,5.96E-05,64,62,68.1123,147.5654,0.3840,4.8696,0.5798
NM_006709,EHMT2,6,31847536,3633,1.92E-05,4.56E-05,41,38,47.1916,112.7384,0.6946,4.8663,0.6629
NM_003470,USP7,16,8985950,3309,1.41E-05,3.17E-05,47,16,34.4042,78.2711,-1.6550,4.8660,0.7956
NM_001470,GABBR1,6,29570004,2886,1.26E-05,3.10E-05,16,15,30.6781,76.3733,2.0424,4.8551,0.8036
NM_012308,KDM2A,11,66886739,3489,1.37E-05,3.92E-05,31,28,33.4119,96.7571,0.3216,4.8324,0.7106
NM_012469,PRPF6,20,62612430,2826,1.53E-05,3.53E-05,36,22,37.3327,87.1679,0.1681,4.8255,0.7476
NM_020971,SPTBN4,19,40973125,7695,3.59E-05,7.88E-05,70,98,88.6839,195.3685,1.5291,4.8159,0.4984
NM_080425,GNAS,20,57428035,3114,1.58E-05,3.38E-05,29,20,38.6169,83.5352,1.1927,4.8058,0.7606
NM_014727,MLL4,19,36208920,8148,3.50E-05,8.67E-05,92,113,86.5091,214.8791,-0.4550,4.8048,0.4741
NM_001081550,THOC2,X,122734411,4782,1.47E-05,3.81E-05,30,15,28.2827,75.0319,-0.2489,4.7912,0.8001
NM_023037,FRY,13,32605436,9042,3.63E-05,8.47E-05,87,110,89.7544,210.0255,0.2241,4.7716,0.4763
NM_018896,CACNA1G,17,48638428,7134,3.77E-05,8.25E-05,82,106,93.1910,204.5280,0.8935,4.7629,0.4817
NM_032450,HEATR7A,8,145202918,4926,2.13E-05,4.28E-05,26,35,52.3363,105.7527,2.8057,4.7565,0.6690
NM_001001331,ATP2B2,3,10365706,3732,2.55E-05,4.99E-05,60,47,62.8498,123.4127,0.2770,4.7553,0.6192
NM_181672,OGT,X,70752911,3141,1.13E-05,2.99E-05,16,6,21.5531,58.6458,0.9219,4.7526,0.8977
NM_014974,DIP2C,10,320129,4671,3.16E-05,6.01E-05,101,65,77.8697,148.8149,-2.0202,4.7499,0.5632
NM_000938,POLR2B,4,57845108,3525,1.18E-05,3.32E-05,24,20,28.7100,81.9038,0.6775,4.7288,0.7558
NM_015649,IRF2BP1,19,46386865,1755,1.34E-05,2.57E-05,10,9,32.7180,63.2245,3.0610,4.7146,0.8577
NM_001080420,SHANK3,22,51113069,5244,1.91E-05,3.87E-05,42,29,46.8506,95.7084,0.5462,4.7141,0.6970
NM_001205293,CACNA1E,1,181452685,6942,3.05E-05,7.60E-05,81,95,75.2919,188.1797,-0.5070,4.6960,0.4952
NM_017649,CNNM2,10,104678074,2628,1.75E-05,3.42E-05,26,22,43.0310,84.3797,2.0010,4.6948,0.7393
NM_032217,ANKRD17,4,73940501,7812,2.72E-05,6.51E-05,66,75,66.9813,161.1339,0.0924,4.6910,0.5345
NM_001014797,KCNMA1,10,78629358,3549,1.78E-05,3.73E-05,56,27,43.6493,92.0364,-1.4408,4.6867,0.7066
NM_020791,TAOK1,17,27717942,3006,9.00E-06,2.82E-05,26,13,21.7841,69.4840,-0.6962,4.6846,0.8129
NM_153252,BRWD3,X,79924986,5409,1.65E-05,4.81E-05,28,29,31.9138,95.0345,0.5339,4.6829,0.6948
NM_001130438,SPTAN1,9,131314836,7434,3.30E-05,8.00E-05,82,103,81.4626,198.1026,-0.0459,4.6713,0.4801
NM_001069,TUBB2A,6,3153901,1338,1.02E-05,1.94E-05,8,1,24.8130,47.6138,2.6013,4.6702,0.9790
NM_017934,PHIP,6,79644135,5466,1.70E-05,4.79E-05,40,45,41.7674,118.5511,0.2108,4.6701,0.6204
NM_001923,DDB1,11,61066918,3423,1.50E-05,3.52E-05,28,24,36.8202,87.0079,1.1203,4.6699,0.7242
NM_006133,DAGLA,11,61447904,3129,2.09E-05,4.32E-05,34,37,51.3296,106.7078,1.8642,4.6652,0.6533
NM_021979,HSPA2,14,65007185,1920,1.78E-05,3.07E-05,18,17,43.7591,75.7192,3.0011,4.6652,0.7755
NM_005876,SPEG,2,220299699,9804,4.63E-05,1.01E-04,101,144,114.5410,250.2719,0.9751,4.6441,0.4246
NM_002232,KCNA3,1,111214309,1728,1.33E-05,2.51E-05,10,9,32.4819,61.8076,3.0402,4.6437,0.8544
NM_022893,BCL11A,2,60684328,2508,1.90E-05,3.37E-05,31,22,46.6654,83.2672,1.7674,4.6417,0.7358
NM_005445,SMC3,10,112327448,3654,1.02E-05,3.05E-05,24,17,24.8611,75.1747,0.1331,4.6386,0.7739
NM_001256012,MYH10,17,8377522,6024,2.57E-05,6.39E-05,46,74,63.3943,158.2320,1.6837,4.6293,0.5323
NM_003400,XPO1,2,61705068,3216,9.66E-06,2.56E-05,30,10,23.4303,63.0870,-1.0460,4.6207,0.8415
NM_001080421,UNC13A,19,17712136,5112,2.68E-05,5.37E-05,68,56,66.0831,132.9735,-0.1817,4.6147,0.5789
NM_020862,LRFN1,19,39797456,2316,1.73E-05,3.16E-05,22,19,42.5230,77.8808,2.4256,4.6126,0.7560
NM_003590,CUL3,2,225334866,2307,7.77E-06,2.20E-05,17,5,18.7319,53.9953,0.3084,4.6096,0.9074
NM_012199,EIF2C1,1,36348809,2574,1.14E-05,3.02E-05,21,17,27.8435,74.5366,0.9996,4.6073,0.7719
NM_015037,KIAA0913,10,75545381,5529,2.33E-05,5.64E-05,52,61,57.3083,139.6562,0.5404,4.6014,0.5632
NM_003749,IRS2,13,110406183,4017,1.89E-05,3.07E-05,22,18,46.3552,75.8395,2.7570,4.5916,0.7627
NM_021116,ADCY1,7,45614124,3360,1.98E-05,3.95E-05,55,32,48.6905,97.5315,-0.6969,4.5874,0.6719
NM_001194,HCN2,19,589892,2670,1.39E-05,2.79E-05,41,14,33.9736,68.8086,-0.9291,4.5679,0.7965
NM_005883,APC2,19,1450147,6912,3.38E-05,6.16E-05,49,71,83.3353,152.5320,2.8988,4.5639,0.5345
NM_032961,PCDH10,4,134070469,3123,2.38E-05,4.51E-05,37,42,58.4584,111.5985,2.1630,4.5547,0.6237
NM_015025,MYT1L,2,1792884,3555,1.86E-05,3.67E-05,42,28,45.6785,90.7333,0.4195,4.5531,0.6914
NM_003443,ZBTB17,1,16268363,2412,1.59E-05,3.04E-05,35,18,38.8422,74.9294,0.4751,4.5467,0.7598
NM_004187,KDM5C,X,53220502,4683,2.00E-05,5.11E-05,35,35,38.7781,100.9740,0.4676,4.5390,0.6534
NM_000702,ATP1A2,1,160085519,3063,1.58E-05,3.60E-05,45,27,38.6220,88.8652,-0.7910,4.5370,0.6962
NM_000718,CACNA1B,9,140772240,7020,3.13E-05,6.78E-05,82,83,77.2831,167.9184,-0.4135,4.5305,0.5057
NM_006289,TLN1,9,35697333,7626,3.27E-05,7.83E-05,80,103,80.6398,193.9940,0.0549,4.5166,0.4691
NM_004976,KCNC1,11,17757494,1536,1.40E-05,2.55E-05,17,11,34.2229,62.7482,2.2690,4.5163,0.8247
NM_006311,NCOR1,17,15933407,7323,2.66E-05,6.93E-05,62,86,65.6479,171.5671,0.3470,4.5163,0.4987
NM_013282,UHRF1,19,4910565,2421,1.87E-05,3.58E-05,37,27,45.7986,88.3273,1.0020,4.5112,0.6943
NM_002473,MYH9,22,36677322,5883,3.51E-05,7.39E-05,106,95,86.5354,182.9585,-1.6126,4.4956,0.4808
NM_001164343,ZBTB20,3,114056946,2007,1.48E-05,2.79E-05,23,15,36.2728,68.8792,1.6985,4.4881,0.7822
NM_006045,ATP9A,20,50213313,3144,1.86E-05,3.86E-05,48,32,45.5762,95.3343,-0.2767,4.4844,0.6643
NM_001961,EEF2,19,3976053,2577,1.81E-05,3.49E-05,67,26,44.3522,86.1014,-2.6209,4.4778,0.6980
NM_001100399,PDS5A,4,39824482,4014,1.24E-05,3.15E-05,32,21,30.3084,77.7856,-0.2368,4.4512,0.7300
NM_016457,PRKD2,19,47177572,2637,1.79E-05,3.52E-05,35,27,43.9598,86.8127,1.0415,4.4380,0.6890
NM_058243,BRD4,19,15348300,4089,2.16E-05,4.52E-05,56,44,53.2022,111.8609,-0.2956,4.4358,0.6067
NM_015133,MAPK8IP3,16,1756220,4011,3.00E-05,5.86E-05,69,68,73.9212,144.9580,0.4411,4.4190,0.5309
NM_001702,BAI1,8,143545376,4755,2.14E-05,4.50E-05,44,44,52.4871,111.1352,0.9029,4.4026,0.6041
NM_001356,DDX3X,X,41192650,1989,7.19E-06,2.18E-05,10,1,13.2941,42.5312,0.6963,4.4026,0.9765
NM_001271,CHD2,15,93443550,5487,1.96E-05,5.06E-05,48,54,48.1568,125.1829,0.0174,4.3984,0.5686
NM_002237,KCNG1,20,49620192,1542,1.40E-05,2.65E-05,17,14,34.1732,65.2556,2.2641,4.3865,0.7855
NM_001520,GTF3C1,16,27471933,6330,3.26E-05,7.48E-05,71,99,80.3343,185.2970,0.8026,4.3828,0.4657
NM_006387,CHERP,19,16628699,2751,1.51E-05,3.03E-05,35,20,36.9135,74.7671,0.2427,4.3788,0.7325
NM_032430,BRSK1,19,55795533,2337,1.25E-05,2.77E-05,26,16,30.4971,68.3152,0.6276,4.3758,0.7658
NM_004238,TRIP12,2,230631929,5979,2.06E-05,5.32E-05,51,59,50.5655,131.5925,-0.0471,4.3749,0.5516
NM_006597,HSPA8,11,122928199,1941,6.40E-06,1.86E-05,35,3,15.3353,45.6583,-3.8702,4.3645,0.9343
NM_001009999,KDM1A,1,23345940,2631,8.99E-06,2.29E-05,15,9,21.7587,56.3825,1.1167,4.3625,0.8404
NM_006922,SCN3A,2,165944029,6003,1.97E-05,5.20E-05,66,57,48.3066,128.5361,-1.9620,4.3622,0.5565
NM_080552,SLC32A1,20,37353104,1578,1.57E-05,2.56E-05,16,13,38.5192,63.1272,2.7964,4.3617,0.7941
NM_016604,KDM3B,5,137688284,5286,1.91E-05,4.74E-05,33,49,46.8871,117.1820,1.5631,4.3544,0.5818
NM_014703,VPRBP,3,51433297,4365,1.52E-05,4.05E-05,33,37,37.2351,99.9458,0.5349,4.3529,0.6298
NM_006088,TUBB4B,9,140135710,1338,9.42E-06,1.84E-05,46,3,22.8289,45.1913,-3.7376,4.3390,0.9336
NM_014608,CYFIP1,15,22892683,3762,2.33E-05,4.61E-05,62,47,57.2151,113.9441,-0.4875,4.3357,0.5875
NM_005400,PRKCE,2,45879042,2214,1.28E-05,2.72E-05,24,16,31.1264,67.0517,0.9845,4.3102,0.7614
NM_006087,TUBB4A,19,6494329,1335,1.14E-05,2.11E-05,27,7,27.7787,51.8083,0.1139,4.3038,0.8649
NM_015024,XPO7,8,21777179,3264,1.30E-05,3.09E-05,25,22,31.7443,76.2194,0.9226,4.2935,0.7114
NM_002235,KCNA6,12,4918341,1590,1.06E-05,2.17E-05,22,8,25.7481,53.3080,0.5693,4.2901,0.8499
NM_004980,KCND3,1,112318453,1968,1.37E-05,2.77E-05,18,17,33.3818,68.2100,2.0518,4.2867,0.7508
NM_005761,PLXNC1,12,94542498,4707,2.14E-05,4.45E-05,42,45,52.7177,109.9228,1.1377,4.2810,0.5906
NM_015130,TBC1D9,4,141541935,3801,1.76E-05,3.93E-05,29,36,43.0999,96.9673,1.6553,4.2803,0.6287
NM_001100,ACTA1,1,229566992,1134,1.11E-05,1.87E-05,14,4,27.0427,45.9589,1.9330,4.2789,0.9130
NM_004380,CREBBP,16,3775055,7329,3.63E-05,7.94E-05,103,110,89.6770,196.6419,-1.0843,4.2715,0.4406
NM_001206938,FAM115A,7,143548460,2760,1.22E-05,2.82E-05,8,18,29.8202,69.5016,3.0796,4.2708,0.7410
NM_013235,DROSHA,5,31400601,4125,1.47E-05,3.97E-05,39,37,35.9967,98.1701,-0.3858,4.2681,0.6231
NM_000540,RYR1,19,38924339,15117,8.54E-05,1.81E-04,202,319,211.6253,449.9568,0.5099,4.2681,0.2910
NM_001111125,IQSEC2,X,53262057,4467,1.21E-05,3.12E-05,19,13,23.1836,61.3013,0.6696,4.2649,0.7879
NM_001357,DHX9,1,182808438,3813,1.21E-05,3.43E-05,25,28,29.3954,84.6923,0.6248,4.2588,0.6694
NM_002541,OGDH,7,44646120,3072,1.67E-05,3.67E-05,28,32,40.9501,90.6211,1.5597,4.2572,0.6469
NM_003587,DHX16,6,30620895,3126,1.37E-05,3.90E-05,27,36,33.4422,96.3859,0.8586,4.2522,0.6265
NM_020702,KIAA1161,9,34368906,2145,2.02E-05,3.84E-05,27,35,49.6789,94.9003,2.4799,4.2509,0.6312
NM_004947,DOCK3,3,50712671,6093,2.42E-05,6.24E-05,48,78,59.6779,154.3794,1.1651,4.2498,0.4948
NM_001034841,ITPRIPL2,16,19125253,1608,1.15E-05,2.48E-05,17,13,27.9947,61.0113,1.6015,4.2494,0.7869
NM_172107,KCNQ2,20,62037541,2619,1.60E-05,3.05E-05,36,22,39.1433,75.2945,0.3872,4.2461,0.7078
NM_001170629,CHD8,14,21853352,7746,2.28E-05,6.97E-05,62,92,56.1369,172.6469,-0.6031,4.2432,0.4671
NM_001134407,GRIN2A,16,9847264,4395,2.37E-05,4.86E-05,55,53,58.4041,120.2562,0.3433,4.2400,0.5593
NM_020338,ZMIZ1,10,80828791,3204,2.07E-05,3.95E-05,53,37,50.9756,97.5831,-0.2185,4.2399,0.6208
NM_007113,TCHH,1,152078792,5832,2.84E-05,9.28E-05,59,137,69.8975,229.9150,1.0046,4.2363,0.4041
NM_003592,CUL1,7,148395932,2331,9.97E-06,2.20E-05,18,9,24.1959,54.0393,0.9708,4.2357,0.8335
NM_015382,HECTD1,14,31569323,7833,2.50E-05,7.01E-05,50,93,61.4561,173.6890,1.1263,4.2327,0.4646
NM_014795,ZEB2,2,145141941,3645,1.56E-05,3.53E-05,32,30,38.2425,87.0747,0.7780,4.2285,0.6555
NM_020719,PRR12,19,50094911,6111,2.72E-05,5.29E-05,62,61,67.1416,131.0073,0.4836,4.2285,0.5344
NM_002568,PABPC1,8,101715143,1911,7.33E-06,2.12E-05,17,8,17.6365,52.1648,0.1168,4.2274,0.8466
NM_002516,NOVA2,19,46442770,1479,1.02E-05,1.60E-05,15,1,24.7287,39.2858,1.5078,4.2229,0.9745
NM_020693,DSCAML1,11,117298488,6342,3.94E-05,8.34E-05,97,119,97.2819,206.7093,0.0220,4.2175,0.4243
NM_017617,NOTCH1,9,139388895,7668,5.83E-05,1.01E-04,142,153,144.3340,249.2680,0.1497,4.2154,0.3862
NM_178014,TUBB,6,30688156,1335,6.54E-06,1.60E-05,12,1,15.6878,39.0902,0.7176,4.2118,0.9744
NM_015016,MAST3,19,18208602,3930,2.29E-05,4.94E-05,52,55,56.2487,122.2787,0.4366,4.2062,0.5502
NM_014812,CEP170,1,243287729,4755,1.48E-05,4.04E-05,19,39,36.0833,99.7702,2.1918,4.2061,0.6091
NM_006836,GCN1L1,12,120565013,8016,4.09E-05,8.58E-05,107,124,101.0168,212.7125,-0.4588,4.2051,0.4171
NM_001008701,LPHN1,19,14258548,4425,2.97E-05,5.92E-05,90,73,73.1967,146.5550,-1.5137,4.2005,0.5019
NM_001005336,DNM1,9,130965662,2556,1.39E-05,2.89E-05,16,20,33.9181,71.2659,2.3712,4.1983,0.7194
NM_015107,PHF8,X,53963112,3075,1.26E-05,3.06E-05,24,13,24.0382,60.0592,0.0060,4.1980,0.7835
NM_001904,CTNNB1,3,41240941,2346,7.50E-06,2.24E-05,15,10,18.0641,55.0523,0.5556,4.1978,0.8184
NM_003507,FZD7,2,202899309,1725,1.70E-05,2.95E-05,26,21,41.7899,72.7374,1.8825,4.1939,0.7113
NM_001810,CENPB,20,3764497,1800,1.36E-05,2.56E-05,14,15,33.2865,63.0719,2.5764,4.1847,0.7622
NM_002891,RASGRF1,15,79252288,3822,2.23E-05,4.59E-05,47,49,54.7754,113.4513,0.8097,4.1833,0.5681
NM_002501,NFIX,19,13106583,1326,8.73E-06,1.73E-05,17,3,21.1086,42.3893,0.6892,4.1825,0.9292
NM_014323,PATZ1,22,31721789,2064,1.27E-05,2.62E-05,14,16,30.8621,64.4557,2.3393,4.1726,0.7518
NM_001001323,ATP2B1,12,89981825,3531,1.12E-05,2.99E-05,20,22,27.1968,73.8377,1.0636,4.1706,0.7020
NM_020959,ANO8,19,17434031,3699,1.92E-05,4.00E-05,27,39,47.1502,98.8798,2.2617,4.1631,0.6056
NM_032242,PLXNA1,3,126707436,5691,4.05E-05,8.12E-05,113,116,100.1167,201.2549,-0.9923,4.1547,0.4236
NM_018426,TMEM63B,6,44095375,2499,1.37E-05,2.98E-05,38,22,33.5849,73.4804,-0.5872,4.1519,0.7006
NM_058004,PI4KA,22,21061978,6309,3.15E-05,6.72E-05,84,89,77.7722,166.3684,-0.5443,4.1468,0.4650
NM_001204468,RBM10,X,47004616,2988,1.43E-05,3.18E-05,30,15,27.4583,62.3661,-0.3738,4.1465,0.7595
NM_007192,SUPT16H,14,21819630,3144,1.08E-05,2.85E-05,27,20,26.1819,70.2618,-0.1232,4.1454,0.7154
NM_001407,CELSR3,3,48673895,9939,5.79E-05,1.32E-04,104,218,143.2578,326.2232,2.5279,4.1424,0.3317
NM_145245,EVI5L,19,7895160,2385,1.18E-05,2.46E-05,28,14,28.8067,60.6515,0.1158,4.1413,0.7692
NM_004734,DCLK1,13,36342788,2190,1.12E-05,2.40E-05,22,13,27.3526,58.9943,0.7888,4.1399,0.7796
NM_003942,RPS6KA4,11,64126624,2319,1.43E-05,2.84E-05,31,20,34.9826,70.1128,0.5190,4.1375,0.7147
NM_001326,CSTF3,11,33106129,2154,6.89E-06,1.99E-05,25,7,16.5474,48.7682,-1.6015,4.1349,0.8565
NM_018143,KLHL11,17,40009798,2127,1.05E-05,2.39E-05,18,13,25.5725,58.6950,1.1541,4.1234,0.7785
NM_014695,CCDC144A,17,16593638,4284,1.41E-05,3.32E-05,13,28,34.5479,81.8645,2.8254,4.1157,0.6580
NM_033655,CNTNAP3,9,39072763,3867,1.64E-05,3.50E-05,19,31,40.1491,86.2824,2.5724,4.1145,0.6407
NM_004819,SYMPK,19,46318699,3825,1.96E-05,4.07E-05,54,41,48.2518,100.6774,-0.6378,4.1118,0.5928
NM_001029882,AHDC1,1,27860755,4812,3.04E-05,6.36E-05,66,83,74.8728,157.5680,0.7903,4.1068,0.4732
NM_004818,DDX23,12,49223538,2463,8.68E-06,3.07E-05,22,24,20.9908,75.6490,-0.1698,4.1053,0.6827
NM_006218,PIK3CA,3,178866310,3207,9.15E-06,2.69E-05,15,18,22.1580,66.3742,1.1720,4.1049,0.7288
NM_001172668,ZNF668,16,31072168,1860,1.46E-05,3.13E-05,19,25,35.6560,77.1321,2.1498,4.1037,0.6759
NM_002223,ITPR2,12,26488284,8106,2.99E-05,7.19E-05,75,99,73.7821,178.2170,-0.1093,4.1024,0.4445
NM_139276,STAT3,17,40465342,2313,9.62E-06,2.30E-05,20,12,23.3287,56.6487,0.5312,4.1011,0.7882
NM_001184880,PCDH19,X,99546641,3447,2.40E-05,4.65E-05,28,35,46.7775,91.7774,2.1160,4.0973,0.6186
NM_053002,MED12L,3,150804675,6438,2.67E-05,6.09E-05,74,78,65.7728,150.7018,-0.7818,4.0943,0.4824
NM_006060,IKZF1,7,50344377,1560,1.05E-05,2.03E-05,14,8,25.6201,49.7665,1.7693,4.0931,0.8392
NM_014829,DDX46,5,134094460,3096,9.30E-06,2.81E-05,34,20,22.5371,69.2532,-1.8610,4.0917,0.7112
NM_174981,POTED,21,14982497,1755,6.17E-06,1.51E-05,0,1,14.7710,36.9878,2.9621,4.0909,0.9730
NM_033500,HK1,10,71029755,2718,1.47E-05,3.24E-05,38,27,36.0538,79.8505,-0.2498,4.0888,0.6619
NM_018489,ASH1L,1,155305051,8895,2.76E-05,7.90E-05,65,113,67.9290,195.7220,0.2739,4.0878,0.4227
NM_006565,CTCF,16,67596309,2184,8.55E-06,2.36E-05,15,13,20.6740,58.0403,0.9618,4.0872,0.7760
NM_003108,SOX11,2,5832798,1326,1.11E-05,1.66E-05,7,3,26.9622,40.6704,2.9629,4.0837,0.9262
NM_152868,KCNJ4,22,38822332,1338,1.10E-05,2.16E-05,30,10,26.8548,52.9830,-0.4678,4.0824,0.8113
NM_002236,KCNF1,2,11052062,1485,1.23E-05,2.22E-05,9,11,30.0907,54.5906,2.9632,4.0787,0.7985
NM_130436,DYRK1A,21,38791206,2265,8.39E-06,2.28E-05,20,12,20.2783,56.1963,0.0476,4.0759,0.7865
NM_003654,CHST1,11,45669238,1236,1.11E-05,2.15E-05,14,10,26.8912,52.8313,1.9159,4.0738,0.8107
NM_006593,TBR1,2,162272619,2049,1.27E-05,2.28E-05,14,12,31.0169,56.0900,2.3549,4.0699,0.7861
NM_001197181,TUBB3,16,89988416,1137,9.54E-06,1.79E-05,26,5,23.1343,43.9417,-0.4592,4.0613,0.8862
NM_014225,PPP2R1A,19,52693054,1770,8.89E-06,1.93E-05,16,7,21.5128,47.4341,0.9160,4.0587,0.8524
NM_006009,TUBA1A,12,49578582,1356,5.14E-06,1.41E-05,13,0,12.1879,34.4494,-0.1793,4.0577,1.0000
NM_001178065,CASR,3,121903180,3267,1.59E-05,3.45E-05,38,31,38.8783,85.1564,0.1086,4.0572,0.6360
NM_001101,ACTB,7,5566778,1128,8.52E-06,1.64E-05,28,3,20.5882,40.1826,-1.2589,4.0552,0.9253
NM_198478,NKPD1,19,45653007,2499,1.36E-05,2.46E-05,15,15,33.2266,60.6659,2.4370,4.0533,0.7527
NM_015284,SZT2,1,43855555,10128,4.18E-05,1.10E-04,89,175,103.3024,271.5959,1.0845,4.0522,0.3557
NM_012426,SF3B3,16,70557690,3654,1.35E-05,3.50E-05,38,32,32.9929,86.5132,-0.6718,4.0518,0.6301
NM_014987,IGSF9B,11,133785184,4050,2.61E-05,5.19E-05,63,62,64.3190,128.4088,0.1268,4.0515,0.5172
NM_002265,KPNB1,17,45727274,2631,9.55E-06,2.26E-05,32,12,23.1613,55.7069,-1.4155,4.0484,0.7846
NM_022053,NXF2,X,101502093,1881,8.33E-06,1.87E-05,2,1,15.5678,36.2624,2.6502,4.0483,0.9724
NM_001099686,NXF2B,X,101502093,1881,8.33E-06,1.87E-05,2,1,15.5678,36.2624,2.6502,4.0483,0.9724
NM_002397,MEF2C,5,88014057,1422,6.84E-06,1.40E-05,4,0,16.4119,34.2698,2.3613,4.0471,1.0000
NM_015260,SIN3B,19,16940208,3489,2.27E-05,4.64E-05,56,52,55.8037,114.6573,-0.0203,4.0454,0.5465
NM_001122772,AGAP2,12,58118075,3579,1.55E-05,3.32E-05,23,29,38.0547,81.9670,1.8809,4.0446,0.6462
NM_001135659,NRXN1,2,50145642,4644,2.38E-05,5.02E-05,54,59,58.5014,124.1429,0.4536,4.0420,0.5247
NM_001100114,PRAMEF21,1,13521962,1428,5.85E-06,1.39E-05,0,0,13.9547,34.0708,2.8791,4.0353,1.0000
NM_001099852,PRAMEF20,1,13516065,1428,5.85E-06,1.39E-05,0,0,13.9544,34.0700,2.8790,4.0353,1.0000
NM_014203,AP2A1,19,50270179,2934,1.63E-05,3.25E-05,45,28,40.0085,80.3070,-0.6082,4.0353,0.6513
NM_006421,ARFGEF1,8,68109883,5550,1.74E-05,4.52E-05,55,50,42.7041,111.6360,-1.4502,4.0329,0.5521
NM_001013692,PRAMEF3,1,13328195,1446,5.34E-06,1.39E-05,0,0,12.6852,33.9688,2.7450,4.0293,1.0000
NM_198253,TERT,5,1253286,3399,2.02E-05,4.00E-05,54,41,49.7366,98.9436,-0.4659,4.0272,0.5856
NM_002224,ITPR3,6,33589155,8016,4.61E-05,1.00E-04,115,157,113.8911,248.8100,-0.0801,4.0239,0.3690
NM_004943,DMWD,19,46286263,2025,1.17E-05,2.31E-05,30,13,28.4004,56.8817,-0.2313,4.0224,0.7715
NM_003412,ZIC1,3,147127180,1344,1.48E-05,2.31E-05,13,13,36.2482,56.8501,2.9760,4.0206,0.7713
NM_004068,AP2M1,3,183892633,1308,6.09E-06,1.54E-05,9,2,14.5677,37.7149,1.1243,4.0205,0.9470
NM_015229,KIAA0664,17,2592679,3930,2.81E-05,5.22E-05,79,63,69.1410,129.0351,-0.9138,4.0189,0.5118
NM_021620,PRDM13,6,100054649,2124,1.62E-05,2.75E-05,17,20,39.6330,67.8584,2.7708,4.0165,0.7053
NM_001101391,LINGO3,19,2289773,1779,1.30E-05,2.37E-05,11,14,31.6704,58.3866,2.8308,4.0159,0.7602
NM_173598,KSR2,12,117890816,2766,1.68E-05,3.53E-05,32,33,41.0816,87.2343,1.0920,4.0144,0.6217
NM_020761,RPTOR,17,78518624,4008,2.82E-05,5.32E-05,65,65,69.5234,131.5972,0.4181,4.0135,0.5061
NM_000138,FBN1,15,48700502,8616,3.61E-05,8.68E-05,87,130,89.2381,215.1219,0.1826,4.0123,0.3957
NM_021239,RBM25,14,73525220,2532,7.44E-06,2.56E-05,24,17,17.9223,63.0973,-1.1064,4.0120,0.7306
NM_003325,HIRA,22,19318223,3054,1.57E-05,3.41E-05,42,31,38.5437,84.2616,-0.4291,4.0113,0.6321
NM_004341,CAD,2,27440257,6678,3.22E-05,7.82E-05,88,113,79.3725,193.7519,-0.7463,4.0107,0.4168
NM_004488,GP5,3,194115549,1683,1.29E-05,2.37E-05,15,14,31.3809,58.2481,2.2537,4.0081,0.7596
NM_005347,HSPA5,9,127997126,1965,9.31E-06,2.10E-05,19,10,22.5565,51.5907,0.5771,4.0031,0.8062
NM_021009,UBC,12,125396191,2058,8.64E-06,2.09E-05,25,10,20.8906,51.4771,-0.6929,3.9966,0.8057
NM_001171162,ZMYM3,X,70459473,4077,1.55E-05,4.11E-05,37,29,29.9063,81.0064,-0.9997,3.9947,0.6420
NM_014003,DHX38,16,72127614,3684,1.86E-05,4.48E-05,53,50,45.7700,110.8137,-0.8236,3.9939,0.5488
NM_005458,GABBR2,9,101050363,2826,1.51E-05,3.16E-05,43,27,36.9439,78.0201,-0.7679,3.9933,0.6539
NM_018561,USP49,6,41765382,1923,1.17E-05,2.67E-05,16,19,28.3822,65.8267,1.7913,3.9901,0.7114
NM_012292,HMHA1,19,1067173,3411,2.47E-05,4.53E-05,56,51,60.9268,112.0314,0.4865,3.9863,0.5448
NM_014284,NCDN,1,36023392,2190,1.28E-05,2.60E-05,35,18,31.2483,64.1167,-0.5173,3.9816,0.7193
NM_006295,VARS,6,31745296,3795,1.98E-05,4.69E-05,23,54,48.5969,116.0214,2.8299,3.9807,0.5346
NM_005271,GLUD1,10,88809958,1677,8.16E-06,1.95E-05,8,8,19.7020,47.7800,2.0319,3.9786,0.8326
NM_004975,KCNB1,20,47988504,2577,1.21E-05,2.79E-05,26,21,29.4988,68.6668,0.4965,3.9768,0.6942
NM_007040,HNRNPUL1,19,41770119,2571,1.33E-05,3.03E-05,33,25,32.5621,74.6923,-0.0591,3.9750,0.6653
NM_014649,SAFB2,19,5587009,2862,1.82E-05,4.13E-05,33,44,44.6857,102.0809,1.3473,3.9742,0.5690
NM_015384,NIPBL,5,36876860,8094,2.37E-05,6.50E-05,58,88,58.4239,160.9107,0.0427,3.9736,0.4531
NM_032862,TIGD5,8,144680073,1929,1.08E-05,2.08E-05,15,10,26.2481,51.0664,1.6921,3.9729,0.8042
NM_001365,DLG4,17,7093209,2304,1.27E-05,2.78E-05,23,21,31.0854,68.5329,1.1177,3.9695,0.6936
NM_001358,DHX15,4,24529087,2388,7.85E-06,2.34E-05,25,14,18.9449,57.5548,-1.0722,3.9690,0.7568
NM_000720,CACNA1D,3,53529030,6546,3.07E-05,7.01E-05,69,98,75.6318,173.6092,0.5877,3.9671,0.4355
NM_005078,TLE3,15,70340542,2319,1.42E-05,2.59E-05,35,18,34.6904,63.8358,-0.0405,3.9661,0.7180
NM_015409,EP400,12,132434464,9372,5.52E-05,1.08E-04,145,174,136.5885,267.7509,-0.5547,3.9609,0.3501
NM_001039111,TRIM71,3,32859509,2607,1.53E-05,2.96E-05,30,24,37.5343,72.9180,0.9478,3.9604,0.6709
NM_018448,CAND1,12,67663060,3693,1.17E-05,2.96E-05,31,24,28.4992,72.9160,-0.3610,3.9603,0.6709
NM_015163,TRIM9,14,51441980,2133,1.30E-05,2.65E-05,25,19,31.8021,65.2808,0.9296,3.9600,0.7089
NM_002227,JAK1,1,65298905,3465,1.49E-05,3.49E-05,33,33,36.5540,86.1507,0.4530,3.9588,0.6170
NM_002246,KCNK3,2,26915580,1185,1.07E-05,1.86E-05,11,7,26.1286,45.6680,2.2810,3.9558,0.8467
NM_023015,INTS3,1,153700566,3129,1.34E-05,3.13E-05,33,27,32.8126,77.2753,-0.0252,3.9539,0.6506
NM_000932,PLCB3,11,64018994,3705,2.00E-05,4.45E-05,43,50,49.0183,109.9649,0.6625,3.9533,0.5453
NM_032590,KDM2B,12,121866899,4011,2.53E-05,5.42E-05,50,68,62.2373,134.1137,1.1955,3.9468,0.4930
NM_001080543,C19orf29,19,3610626,2277,1.53E-05,3.36E-05,30,31,37.4429,83.0007,0.9374,3.9460,0.6265
NM_003286,TOP1,20,39657461,2298,7.33E-06,2.06E-05,22,10,17.6318,50.6012,-0.8018,3.9459,0.8024
NM_170665,ATP2A2,12,110719031,3129,1.41E-05,3.13E-05,45,27,34.5691,77.0958,-1.3673,3.9443,0.6498
NM_022662,ANAPC1,2,112525213,5835,2.00E-05,5.04E-05,30,61,49.1744,124.6968,2.1074,3.9435,0.5108
NM_003378,VGF,7,100805789,1848,1.46E-05,2.58E-05,14,18,35.7623,63.4226,2.8047,3.9431,0.7162
NM_003170,SUPT6H,17,26989301,5181,2.10E-05,5.47E-05,52,69,51.7266,135.3179,-0.0293,3.9413,0.4901
NM_004941,DHX8,17,41561333,3663,1.36E-05,3.82E-05,31,39,33.3082,94.3034,0.3082,3.9371,0.5864
NM_002660,PLCG1,20,39766160,3876,1.81E-05,4.43E-05,60,50,44.4892,109.6225,-1.7922,3.9369,0.5439
NM_015052,HECW1,7,43152197,4821,2.81E-05,5.77E-05,45,75,69.3560,142.8776,2.2540,3.9258,0.4751
NM_006852,TLK2,17,60556385,2253,8.41E-06,2.04E-05,18,10,20.3282,50.2308,0.3980,3.9243,0.8009
NM_014805,EPM2AIP1,3,37027356,1824,8.48E-06,1.98E-05,15,9,20.5099,48.5255,0.9377,3.9227,0.8145
NM_003995,NPR2,9,35792405,3144,1.32E-05,3.63E-05,26,36,32.1994,89.7360,0.8420,3.9217,0.5988
NM_003024,ITSN1,21,35014783,5166,2.11E-05,4.91E-05,53,59,51.8834,121.4783,-0.1195,3.9189,0.5143
NM_015833,ADARB1,21,46494492,2226,1.17E-05,2.50E-05,27,17,28.5002,61.4290,0.2166,3.9189,0.7233
NM_001042749,STAG2,X,123094474,3807,1.08E-05,3.20E-05,16,18,20.5397,62.8902,0.7720,3.9134,0.7138
NM_007181,MAP4K1,19,39078280,2502,1.27E-05,2.74E-05,23,21,31.0577,67.4745,1.1143,3.9114,0.6888
NM_005336,HDLBP,2,242166681,3807,1.73E-05,4.30E-05,52,48,42.4636,106.3014,-1.1279,3.9093,0.5485
NM_017848,FAM120C,X,54094756,3291,1.16E-05,2.88E-05,20,14,22.0368,56.4874,0.3344,3.9082,0.7522
NM_005011,NRF1,7,129251554,1512,7.64E-06,1.69E-05,20,5,18.4191,41.3240,-0.2839,3.9064,0.8790
NM_001024401,SBK1,16,28303839,1275,7.99E-06,1.61E-05,3,4,19.2871,39.5095,2.8582,3.9056,0.8988
NM_003922,HERC1,15,63900816,14586,5.00E-05,1.28E-04,131,216,123.7363,316.3890,-0.5033,3.9018,0.3173
NM_006158,NEFL,8,24808468,1632,1.30E-05,2.42E-05,14,16,31.7330,59.5366,2.4261,3.9008,0.7313
NM_014287,NOMO1,16,14927642,3669,1.93E-05,3.79E-05,28,39,47.2820,93.5597,2.1612,3.8996,0.5832
NM_001256279,ZNF26,12,133562933,1701,4.88E-06,1.30E-05,0,0,11.5497,31.7986,2.6192,3.8985,1.0000
NM_173595,ANKRD52,12,56631590,3231,1.65E-05,3.38E-05,30,32,40.5311,83.5371,1.2749,3.8982,0.6169
NM_032482,DOT1L,19,2164147,4614,3.58E-05,6.16E-05,92,83,88.4623,152.4988,-0.2899,3.8907,0.4557
NM_001162383,ARHGEF2,1,155916629,2961,1.32E-05,3.61E-05,28,36,32.3473,89.0325,0.5891,3.8856,0.5957
NM_003061,SLIT1,10,98757794,4605,2.46E-05,5.25E-05,73,66,60.5336,129.8892,-1.2349,3.8755,0.4919
NM_014233,UBTF,17,42282400,2295,1.18E-05,2.53E-05,36,18,28.8445,62.1792,-1.0268,3.8733,0.7105
NM_017542,POGK,1,166808723,1830,8.39E-06,2.01E-05,23,10,20.2800,49.3433,-0.4655,3.8721,0.7973
NM_205842,NCKAP1,2,183789604,3405,1.09E-05,2.89E-05,29,24,26.5782,71.1770,-0.3620,3.8659,0.6628
NM_003655,CBX4,17,77806954,1683,1.40E-05,2.39E-05,16,16,34.2509,58.8928,2.4035,3.8640,0.7283
NM_033489,CDK11B,1,1571099,2241,1.28E-05,2.82E-05,29,23,31.1548,69.5705,0.2975,3.8600,0.6694
NM_004910,PITPNM1,11,67259238,3735,2.38E-05,4.86E-05,54,59,58.4709,120.1960,0.4506,3.8589,0.5091
NM_005026,PIK3CD,1,9711789,3135,1.93E-05,3.98E-05,49,43,47.3389,98.3392,-0.1861,3.8580,0.5627
NM_173680,ZNF775,7,150076405,1614,9.25E-06,1.93E-05,12,9,22.4158,47.3781,1.6955,3.8546,0.8100
NM_004229,MED14,X,40508794,4365,1.38E-05,3.76E-05,23,26,26.5577,73.9404,0.5321,3.8543,0.6484
NM_001017915,INPP5D,2,233925035,3486,1.68E-05,3.23E-05,46,30,41.2113,79.7434,-0.5749,3.8510,0.6238
NM_014709,USP34,2,61414589,10641,3.33E-05,8.76E-05,99,135,82.2410,217.0477,-1.4243,3.8502,0.3780
NM_001145320,ADAMTSL2,9,136397285,2856,1.44E-05,2.69E-05,24,21,35.3120,66.3690,1.4671,3.8500,0.6836
NM_001098376,PRAMEF15,1,13421175,1437,4.90E-06,1.27E-05,0,0,11.6111,30.9713,2.6262,3.8474,1.0000
NM_001010890,PRAMEF9,1,13421175,1437,4.90E-06,1.27E-05,0,0,11.6111,30.9713,2.6262,3.8474,1.0000
NM_004636,SEMA3B,3,50305039,2250,1.38E-05,2.87E-05,14,24,33.6469,70.7556,2.6104,3.8428,0.6608
NM_017620,ILF3,19,10764936,2697,1.79E-05,3.22E-05,44,30,43.8247,79.5637,-0.0204,3.8414,0.6229
NM_003632,CNTNAP1,17,40834631,4155,2.37E-05,5.48E-05,51,71,58.3173,135.6359,0.7385,3.8369,0.4765
NM_002739,PRKCG,19,54385466,2094,1.28E-05,2.68E-05,21,21,31.3495,66.0868,1.4246,3.8343,0.6822
NM_004496,FOXA1,14,38059190,1419,1.16E-05,1.85E-05,11,8,28.3420,45.3485,2.5106,3.8343,0.8236
NM_005249,FOXG1,14,29236277,1470,1.06E-05,1.71E-05,14,6,25.8535,41.8710,1.7967,3.8324,0.8567
NM_001455,FOXO3,6,108882068,2022,1.18E-05,2.37E-05,22,16,28.7193,58.3084,0.9663,3.8305,0.7256
NM_004491,ARHGAP35,19,47421932,4500,1.91E-05,4.51E-05,49,53,46.9892,111.5042,-0.2261,3.8303,0.5247
NM_002239,KCNJ3,2,155555092,1506,7.78E-06,1.71E-05,8,6,18.7674,41.8251,1.9156,3.8296,0.8565
NM_001080415,U2SURP,3,142720371,3090,9.43E-06,2.62E-05,25,20,22.8712,64.4745,-0.3431,3.8292,0.6898
NM_001159746,ABR,17,906757,2442,1.43E-05,2.74E-05,48,22,35.0341,67.4948,-1.6883,3.8284,0.6740
NM_175629,DNMT3A,2,25455829,2739,1.48E-05,3.33E-05,23,32,36.2351,82.1726,1.6945,3.8264,0.6106
NM_021005,NR2F2,15,96874110,1245,8.79E-06,1.63E-05,20,5,21.2799,39.9613,0.2138,3.8235,0.8749
NM_015981,CAMK2A,5,149599053,1470,7.80E-06,1.70E-05,25,6,18.8160,41.7178,-1.0987,3.8231,0.8562
NM_001830,CLCN4,X,10124984,2283,1.38E-05,2.73E-05,40,13,26.4594,53.4081,-2.0288,3.8226,0.7566
NM_004977,KCNC3,19,50818764,2274,1.22E-05,2.24E-05,29,14,29.8466,54.9808,0.1194,3.8209,0.7454
NM_006497,HIC1,17,1958392,2145,1.13E-05,1.84E-05,16,8,27.4091,45.1237,1.6796,3.8207,0.8227
NM_013400,REPIN1,7,150065878,1704,1.07E-05,2.55E-05,12,19,25.9625,62.7862,2.1119,3.8203,0.6974
NM_003936,CDK5R2,2,219824349,1104,8.01E-06,1.41E-05,6,2,19.3265,34.4162,2.3363,3.8201,0.9419
NM_014633,CTR9,11,10772810,3522,1.31E-05,3.32E-05,35,32,32.0284,82.0301,-0.4047,3.8189,0.6099
NM_001206482,ELMO1,7,36892510,2184,1.06E-05,2.36E-05,32,16,25.8579,58.0924,-0.9309,3.8180,0.7246
NM_032512,PDZD4,X,153067622,2310,1.48E-05,3.19E-05,27,19,28.4522,62.6316,0.2098,3.8115,0.6966
NM_016148,SHANK1,19,51165083,6486,2.83E-05,5.30E-05,57,68,69.7522,131.1319,1.1768,3.8114,0.4814
NM_001024660,KALRN,3,123813557,8961,3.99E-05,9.45E-05,101,150,98.6095,234.2380,-0.1855,3.8051,0.3596
NM_001958,EEF1A2,20,62119365,1392,9.54E-06,1.69E-05,29,6,23.1452,41.4045,-0.9379,3.8039,0.8551
NM_001080419,UNK,17,73780919,2433,1.51E-05,2.84E-05,32,24,37.0393,70.0378,0.6382,3.8031,0.6573
NM_000489,ATRX,X,76760355,7479,2.10E-05,5.81E-05,37,56,40.8385,114.9670,0.4629,3.8020,0.5129
NM_000346,SOX9,17,70117160,1530,1.47E-05,2.35E-05,21,16,36.0251,57.8131,1.9293,3.8018,0.7232
NM_007005,TLE4,9,82186877,2322,1.12E-05,2.41E-05,28,17,27.2480,59.3672,-0.1110,3.8014,0.7136
NM_001127244,LRRC8A,9,131644780,2433,1.62E-05,3.31E-05,42,32,39.7585,81.7014,-0.2740,3.8014,0.6083
NM_001166111,PNPLA6,19,7599590,4128,2.61E-05,5.50E-05,44,72,64.2457,136.1276,1.9467,3.7998,0.4711
NM_001202435,SCN1A,2,166845669,6030,2.11E-05,5.39E-05,62,70,51.8752,133.4926,-1.0834,3.7991,0.4756
NM_001252100,KIF21B,1,200938513,4914,2.74E-05,6.17E-05,65,85,67.6239,152.8659,0.2459,3.7948,0.4440
NM_001080434,LMTK3,19,48988527,4470,1.53E-05,2.77E-05,15,23,37.3322,68.3111,2.8169,3.7901,0.6633
NM_001458,FLNC,7,128470482,8178,5.30E-05,1.06E-04,131,173,131.0388,261.6201,0.0026,3.7878,0.3387
NM_004830,MED23,6,131907872,4107,1.36E-05,3.47E-05,29,35,33.2848,85.7284,0.5724,3.7877,0.5917
NM_003750,EIF3A,10,120794540,4149,1.41E-05,5.01E-05,35,63,34.5319,123.9054,-0.0614,3.7827,0.4915
NM_032536,NTNG2,9,135037333,1593,1.17E-05,2.27E-05,20,15,28.4409,55.8942,1.2198,3.7815,0.7316
NM_015329,MAU2,19,19431629,1842,1.09E-05,2.14E-05,25,13,26.6052,52.6870,0.2399,3.7799,0.7533
NM_003334,UBA1,X,47053200,3177,1.54E-05,3.61E-05,30,25,29.6127,71.0671,-0.0548,3.7779,0.6482
NM_001130144,LTBP3,11,65306029,3912,2.16E-05,3.97E-05,28,44,53.2243,98.0493,2.6647,3.7736,0.5512
NM_002299,LCT,2,136545414,5784,2.81E-05,5.84E-05,64,79,69.2652,144.6435,0.4876,3.7734,0.4538
NM_001164664,MAST4,5,65892175,7872,3.64E-05,7.98E-05,78,121,89.9020,197.7351,0.9674,3.7726,0.3881
NM_078480,PUF60,8,144898546,1680,8.62E-06,1.81E-05,29,8,20.8585,44.2925,-1.3739,3.7700,0.8194
NM_032408,BAZ1B,7,72854727,4452,1.40E-05,4.02E-05,50,45,34.2345,99.3540,-2.0767,3.7699,0.5471
NM_004789,LHX2,9,126773888,1221,9.38E-06,1.66E-05,15,6,22.7288,40.7685,1.2494,3.7645,0.8528
NM_006439,MAB21L2,4,151503076,1080,8.85E-06,1.66E-05,18,6,21.4233,40.7668,0.5700,3.7644,0.8528
NM_005604,POU3F2,6,99282579,1332,9.76E-06,1.45E-05,6,3,23.6815,35.3897,2.8003,3.7641,0.9152
NM_032223,PCNXL3,11,65383782,6105,3.30E-05,7.22E-05,84,106,81.5086,178.7759,-0.2127,3.7629,0.4071
NM_002850,PTPRS,19,5205518,5847,4.06E-05,8.12E-05,126,124,100.2343,201.1559,-1.9835,3.7609,0.3836
NM_004456,EZH2,7,148504463,2256,8.26E-06,2.19E-05,25,14,19.9510,53.9257,-0.8712,3.7588,0.7404
NM_007279,U2AF2,19,56165415,1428,9.60E-06,2.13E-05,22,13,23.2836,52.2895,0.2050,3.7563,0.7514
NM_030912,TRIM8,10,104404251,1656,1.33E-05,2.32E-05,16,16,32.5195,57.0076,2.2326,3.7548,0.7193
NM_014577,BRD1,22,50166936,3177,2.24E-05,4.45E-05,68,53,55.1217,109.9308,-1.3369,3.7538,0.5179
NM_001080418,DLGAP3,1,35331036,2940,1.67E-05,3.67E-05,34,39,40.9215,90.6975,0.8339,3.7528,0.5700
NM_004689,MTA1,14,105886185,2148,1.43E-05,2.92E-05,50,26,34.8881,72.0153,-1.9718,3.7487,0.6390
NM_001020658,PUM1,1,31404352,3567,1.57E-05,3.61E-05,38,38,38.3369,89.2029,0.0419,3.7480,0.5740
NM_005744,ARIH1,15,72766666,1674,6.69E-06,1.51E-05,10,4,16.0512,36.9197,1.1641,3.7456,0.8917
NM_001199954,ACTG1,17,79476996,1128,9.10E-06,1.65E-05,68,6,22.0426,40.4611,-7.5442,3.7454,0.8517
NM_003403,YY1,14,100705101,1245,9.81E-06,1.51E-05,10,4,23.7959,36.9162,2.1797,3.7453,0.8916
NM_001003694,BRPF1,3,9773433,3663,1.66E-05,4.49E-05,47,54,40.6434,111.0027,-0.7685,3.7404,0.5135
NM_001030006,AP2B1,17,33914281,2856,1.01E-05,2.55E-05,27,20,24.5939,62.9142,-0.3739,3.7404,0.6821
NM_005417,SRC,20,35973087,1611,9.58E-06,1.92E-05,24,10,23.2330,47.1173,-0.1226,3.7383,0.7878
NM_014516,CNOT3,19,54641435,2262,1.29E-05,2.67E-05,42,22,31.3915,65.8641,-1.4593,3.7366,0.6660
NM_005885,MARCH6,5,10353827,2733,1.04E-05,2.55E-05,20,20,25.3441,62.8293,0.8181,3.7355,0.6817
NM_032037,TSSK6,19,19625027,822,8.96E-06,1.57E-05,13,5,21.6938,38.5462,1.4386,3.7354,0.8703
NM_004423,DVL3,3,183873283,2151,1.39E-05,3.03E-05,29,28,33.8761,74.6470,0.6457,3.7326,0.6249
NM_006458,TRIM3,11,6469842,2235,1.28E-05,3.03E-05,28,28,31.1870,74.6408,0.4398,3.7322,0.6249
NM_153618,SEMA6D,15,48010685,3222,1.29E-05,3.08E-05,24,29,31.4623,76.0653,1.0253,3.7308,0.6187
NM_005413,SIX3,2,45169036,999,9.10E-06,1.64E-05,8,6,22.0472,40.1972,2.3057,3.7289,0.8507
NM_020546,ADCY2,5,7396342,3276,1.76E-05,3.71E-05,33,40,43.0692,91.6299,1.1825,3.7288,0.5635
NM_020708,SLC12A5,20,44657820,3351,1.59E-05,3.82E-05,36,42,38.9948,94.3895,0.3696,3.7280,0.5550
NM_003088,FSCN1,7,5632435,1482,1.51E-05,2.67E-05,17,22,37.0583,65.6694,2.5395,3.7255,0.6650
NM_024721,ZFHX4,8,77593514,10851,4.49E-05,9.70E-05,107,157,110.9652,240.4806,0.2901,3.7216,0.3471
NM_032560,SMEK1,14,91923955,2463,8.76E-06,2.23E-05,17,15,21.1948,54.8645,0.7022,3.7207,0.7266
NM_015032,PDS5B,13,33160563,4344,1.28E-05,3.59E-05,42,38,31.1786,88.6482,-1.4936,3.7189,0.5713
NM_001042414,PSPC1,13,20277008,1572,7.49E-06,1.97E-05,15,11,18.0324,48.4338,0.5504,3.7186,0.7729
NM_004389,CTNNA2,2,79740059,2718,1.33E-05,3.01E-05,28,28,32.5760,74.2881,0.6179,3.7128,0.6231
NM_001172509,SATB2,2,200134222,2202,9.46E-06,2.10E-05,33,13,22.9445,51.5182,-1.6179,3.7100,0.7477
NM_006336,ZER1,9,131492066,2301,1.26E-05,2.83E-05,21,25,30.7773,69.8461,1.3583,3.7097,0.6421
NM_020845,PITPNM2,12,123468026,4050,2.51E-05,5.05E-05,53,65,61.8668,124.9879,0.8688,3.7095,0.4799
NM_001145354,MKLN1,7,130794854,2139,6.27E-06,1.70E-05,12,7,15.0148,41.5876,0.5996,3.7079,0.8317
NM_000208,INSR,19,7112265,4149,2.38E-05,4.89E-05,53,62,58.6695,120.9723,0.5705,3.7068,0.4875
NM_014292,CBX6,22,39260247,1239,9.72E-06,1.90E-05,13,10,23.5713,46.5856,1.6781,3.7057,0.7853
NM_001257360,AMPD2,1,110162434,2640,1.49E-05,3.47E-05,39,36,36.4539,85.5823,-0.3250,3.7053,0.5794
NM_002033,FUT4,11,94277016,1593,1.07E-05,2.03E-05,13,12,25.9724,49.7961,1.9618,3.7029,0.7590
NM_145686,MAP4K4,2,102314164,3822,1.34E-05,3.29E-05,31,33,32.6034,81.2878,0.2164,3.7027,0.5940
NM_002940,ABCE1,4,146019155,1800,5.68E-06,1.55E-05,11,5,13.5480,38.0178,0.5335,3.7021,0.8685
NM_004984,KIF5A,12,57943846,3099,1.42E-05,3.46E-05,38,36,34.8080,85.5119,-0.4170,3.7016,0.5790
NM_015168,ZC3H4,19,47567446,3912,2.37E-05,4.83E-05,54,61,58.2281,119.5378,0.4270,3.7015,0.4897
NM_015694,ZNF777,7,149128453,2496,1.73E-05,3.52E-05,47,37,42.3364,86.9140,-0.5524,3.7014,0.5743
NM_001244710,GFPT1,2,69546900,2100,6.54E-06,2.02E-05,14,12,15.6756,49.7478,0.3262,3.6999,0.7588
NM_002117,HLA-C,6,31236525,1101,8.56E-06,1.62E-05,7,6,20.7007,39.7120,2.3208,3.6984,0.8489
NM_006082,TUBA1B,12,49521566,1356,5.06E-06,1.41E-05,13,3,12.0024,34.3485,-0.2219,3.6979,0.9127
NM_001101654,CXXC1,18,47808712,1983,9.74E-06,2.88E-05,17,26,23.6420,71.0801,1.0528,3.6966,0.6342
NM_001198845,RBM14-RBM4,11,66384052,1020,9.22E-06,1.82E-05,21,9,22.3446,44.7744,0.2192,3.6961,0.7990
NM_004383,CSK,15,75074424,1353,8.87E-06,1.75E-05,21,8,21.4660,43.0223,0.0775,3.6914,0.8140
NM_002067,GNA11,19,3094407,1080,9.12E-06,1.75E-05,21,8,22.0954,42.9813,0.1796,3.6888,0.8139
NM_181303,NLGN3,X,70364680,2547,1.31E-05,2.85E-05,23,16,25.1020,55.8840,0.3233,3.6885,0.7137
NM_020774,MIB1,18,19321544,3021,1.08E-05,2.88E-05,34,26,26.3483,70.8892,-1.1489,3.6859,0.6332
NM_001005463,EBF3,10,131633495,1656,1.28E-05,2.33E-05,28,17,31.1570,57.3696,0.4359,3.6847,0.7037
NM_015138,RTF1,15,41709301,2133,5.88E-06,1.68E-05,15,7,14.0301,41.1901,-0.1996,3.6829,0.8301
NM_020443,NAV1,1,201617449,5634,2.73E-05,6.07E-05,54,85,67.2154,150.2915,1.2423,3.6820,0.4344
NM_016188,ACTL6B,7,100240725,1281,7.42E-06,1.47E-05,16,4,17.8660,35.8764,0.3402,3.6792,0.8885
NM_013247,HTRA2,2,74756531,1377,8.13E-06,1.95E-05,13,11,19.6214,47.7840,1.1521,3.6788,0.7698
NM_002738,PRKCB,16,23847299,2022,1.04E-05,2.33E-05,16,17,25.3140,57.2410,1.4267,3.6771,0.7030
NM_153350,FBXL16,16,742499,1440,1.09E-05,1.88E-05,17,10,26.5093,46.0300,1.4234,3.6714,0.7828
NM_001014999,SLX1A,16,29465821,828,5.59E-06,1.16E-05,0,0,13.3215,28.2020,2.8130,3.6714,1.0000
NM_024044,SLX1B,16,29465821,828,5.59E-06,1.16E-05,0,0,13.3215,28.2020,2.8130,3.6714,1.0000
NM_003601,SMARCA5,4,144434615,3159,1.04E-05,2.75E-05,25,24,25.2234,67.6925,0.0343,3.6714,0.6455
NM_018708,FEM1A,19,4791727,2010,1.24E-05,2.32E-05,19,17,30.2698,57.0726,1.5787,3.6671,0.7021
NM_001100631,PRAMEF22,1,13035542,1446,5.34E-06,1.38E-05,0,3,12.6909,33.8354,2.7456,3.6648,0.9113
NM_001703,BAI2,1,32192717,4758,2.42E-05,5.33E-05,63,71,59.5891,131.8661,-0.3405,3.6644,0.4616
NM_004850,ROCK2,2,11321777,4167,1.33E-05,3.49E-05,32,37,32.3705,86.1860,0.0502,3.6628,0.5707
NM_001184985,WNK1,12,862088,7929,3.11E-05,7.37E-05,62,111,76.7623,182.5479,1.2986,3.6610,0.3919
NM_004700,KCNQ4,1,41249683,2088,1.33E-05,2.86E-05,23,26,32.4288,70.4388,1.2761,3.6605,0.6309
NM_007345,ZNF236,18,74536115,5538,3.02E-05,6.10E-05,76,86,74.5257,151.0278,-0.1316,3.6581,0.4306
NM_007129,ZIC2,13,100634025,1599,9.03E-06,1.52E-05,7,5,21.8574,37.3014,2.4493,3.6564,0.8660
NM_003505,FZD1,7,90893782,1944,1.58E-05,2.68E-05,25,23,38.7999,65.9499,1.7075,3.6563,0.6513
NM_183238,ZNF605,12,133498018,1926,6.38E-06,1.52E-05,2,5,15.2859,37.2755,2.6190,3.6547,0.8659
NM_006546,IGF2BP1,17,47074773,1734,8.94E-06,1.99E-05,21,12,21.6549,49.0006,0.1085,3.6542,0.7551
NM_002720,PPP4C,16,30087383,924,5.67E-06,1.23E-05,11,1,13.5279,29.8739,0.5297,3.6521,0.9665
NM_032727,INA,10,105036919,1500,9.14E-06,1.73E-05,17,8,22.1468,42.3445,0.8429,3.6488,0.8111
NM_020389,TRPC7,5,135548998,2589,1.50E-05,3.02E-05,29,29,36.7168,74.5658,0.9815,3.6480,0.6111
NM_005688,ABCC5,3,183637723,4314,1.96E-05,4.41E-05,51,54,48.1777,109.1113,-0.3134,3.6475,0.5051
NM_004638,PRRC2A,6,31588449,6474,2.80E-05,7.61E-05,57,116,69.0103,188.4194,1.1143,3.6474,0.3844
NM_001031618,SPDYE2,7,102191678,1209,3.96E-06,1.14E-05,0,0,9.2675,27.8317,2.3462,3.6472,1.0000
NM_001166339,SPDYE2L,7,102191678,1209,3.96E-06,1.14E-05,0,0,9.2675,27.8317,2.3462,3.6472,1.0000
NM_005853,IRX5,16,54965110,1452,1.34E-05,1.99E-05,11,12,32.7908,48.8792,2.9328,3.6468,0.7545
NM_020911,PLXNA4,7,131808090,5685,3.02E-05,6.60E-05,74,96,74.5586,163.3917,0.0499,3.6449,0.4125
NM_004983,KCNJ9,1,160051359,1182,7.97E-06,1.44E-05,12,4,19.2267,35.3301,1.2702,3.6440,0.8868
NM_004327,BCR,22,23522551,3816,2.48E-05,4.84E-05,56,62,61.1164,119.6398,0.5044,3.6431,0.4818
NM_020066,FMN2,1,240255184,5169,2.57E-05,4.84E-05,50,62,63.3095,119.6341,1.2892,3.6428,0.4818
NM_015193,ARC,8,143692409,1191,9.77E-06,1.79E-05,14,9,23.7043,43.9035,1.5362,3.6417,0.7950
NM_002673,PLXNB1,3,48445260,6408,3.17E-05,7.15E-05,82,107,78.1624,177.0880,-0.3345,3.6411,0.3958
NM_005282,GPR4,19,46093022,1089,8.38E-06,1.65E-05,14,7,20.2541,40.5220,1.0710,3.6406,0.8273
NM_005877,SF3A1,22,30727976,2382,9.66E-06,2.36E-05,23,18,23.4348,58.1428,0.0692,3.6396,0.6904
NM_032836,FIZ1,19,56102736,1491,8.16E-06,1.51E-05,11,5,19.6986,37.0045,1.5105,3.6372,0.8649
NM_001204218,NOS1,12,117645946,4407,2.34E-05,5.04E-05,63,66,57.6610,124.7323,-0.5419,3.6356,0.4709
NM_004630,SF1,11,64532075,1920,8.26E-06,2.05E-05,28,13,19.9616,50.2792,-1.3866,3.6346,0.7414
NM_012291,ESPL1,12,53662082,6363,2.51E-05,6.18E-05,59,88,61.8432,153.0064,0.2786,3.6332,0.4249
NM_003486,SLC7A5,16,87863628,1524,1.35E-05,2.17E-05,30,15,33.0860,53.4021,0.4135,3.6330,0.7191
NM_001195470,SATB1,3,18389132,2388,9.62E-06,2.17E-05,26,15,23.3273,53.3895,-0.4265,3.6322,0.7190
NM_003016,SRSF2,17,74730196,666,5.88E-06,1.51E-05,9,5,14.0449,36.8995,1.0375,3.6305,0.8645
NM_014329,EDC4,16,67906925,4206,1.77E-05,4.40E-05,49,54,43.3650,108.7612,-0.6595,3.6302,0.5035
NM_005159,ACTC1,15,35080296,1134,5.54E-06,1.36E-05,14,3,13.1877,33.2899,-0.1724,3.6294,0.9099
NM_001204087,KCNN3,1,154669941,2241,1.08E-05,2.36E-05,22,18,26.2764,57.9565,0.6430,3.6285,0.6894
NM_003604,IRS4,X,107975726,3774,2.23E-05,4.62E-05,24,41,43.4032,91.0932,2.2699,3.6285,0.5499
NM_130803,MEN1,11,64570985,1848,1.13E-05,2.42E-05,17,19,27.4915,59.4697,1.5422,3.6280,0.6805
NM_004640,DDX39B,6,31497995,1287,5.25E-06,1.43E-05,7,4,12.4613,35.0616,1.1924,3.6266,0.8859
NM_002599,PDE2A,11,72287183,2826,1.47E-05,2.95E-05,41,28,36.0803,72.7384,-0.6312,3.6265,0.6151
NM_002111,HTT,4,3076407,9429,4.25E-05,9.01E-05,105,145,104.9218,223.3987,-0.0059,3.6262,0.3509
NM_004924,ACTN4,19,39138266,2736,1.74E-05,3.46E-05,41,37,42.6703,85.5002,0.1971,3.6262,0.5673
NM_005859,PURA,5,139493707,969,6.55E-06,1.29E-05,11,2,15.7155,31.3771,0.9167,3.6257,0.9363
NM_020780,PTCHD2,1,11539294,4179,2.78E-05,5.61E-05,48,77,68.4161,138.7488,1.9023,3.6241,0.4450
NM_012184,FOXD4L1,2,114256660,1227,1.04E-05,1.97E-05,10,12,25.3815,48.4388,2.3530,3.6196,0.7523
NM_001144382,PLCL2,3,16926451,3375,1.08E-05,2.65E-05,24,23,26.2040,65.2296,0.3318,3.6148,0.6474
NM_001991,EZH1,17,40852292,2244,7.43E-06,2.10E-05,22,14,17.9005,51.5114,-0.7468,3.6133,0.7282
NM_001080429,CAMSAP3,19,7660787,3831,1.97E-05,3.84E-05,22,44,48.4050,94.8993,2.9250,3.6122,0.5364
NM_024852,EIF2C3,1,36396682,2583,9.28E-06,2.59E-05,13,22,22.4989,63.6982,1.5434,3.6120,0.6546
NM_007315,STAT1,2,191833761,2253,9.27E-06,2.09E-05,20,14,22.4545,51.4667,0.3992,3.6105,0.7280
NM_012284,KCNH3,12,49932939,3252,2.12E-05,4.44E-05,35,55,52.1693,109.6730,1.8320,3.6092,0.4985
NM_003924,PHOX2B,4,41746098,945,6.99E-06,1.20E-05,7,1,16.7920,29.2195,1.8417,3.6091,0.9658
NM_006391,IPO7,11,9406168,3117,9.27E-06,2.52E-05,24,21,22.4586,62.1466,-0.2507,3.6084,0.6621
NM_020309,SLC17A7,19,49932654,1683,1.23E-05,2.46E-05,19,20,30.1058,60.5979,1.5600,3.6055,0.6700
NM_014379,KCNV1,8,110979232,1503,6.65E-06,1.56E-05,20,6,15.9614,38.2168,-0.7791,3.6028,0.8430
NM_001005360,DNM2,19,10828728,2613,1.57E-05,3.33E-05,42,35,38.3715,82.2186,-0.4515,3.6001,0.5743
NM_021976,RXRB,6,33161364,1602,5.92E-06,1.56E-05,10,6,14.1400,38.1440,0.8485,3.5981,0.8427
NM_001122679,ODZ2,5,166711842,8298,3.79E-05,8.40E-05,92,133,93.6762,208.0700,0.1335,3.5979,0.3608
NM_014680,KIAA0100,17,26941457,6708,2.30E-05,6.50E-05,56,95,56.6786,161.0375,0.0695,3.5976,0.4101
NM_003250,THRA,17,38219067,1473,8.76E-06,1.89E-05,16,11,21.1938,46.4629,0.8695,3.5967,0.7633
NM_001031807,SKOR1,15,68117940,2766,1.54E-05,2.63E-05,14,23,37.7483,64.8656,2.9790,3.5937,0.6454
NM_018008,FEZF2,3,62355346,1380,1.14E-05,1.82E-05,10,10,27.7000,44.7472,2.5919,3.5911,0.7765
NM_013272,SLCO3A1,15,92396937,2133,1.41E-05,2.51E-05,33,21,34.4044,61.8296,0.1845,3.5898,0.6604
NM_004430,EGR3,8,22545173,1164,9.98E-06,1.82E-05,13,10,24.2206,44.7168,1.7572,3.5892,0.7764
NM_020795,NLGN2,17,7311501,2508,1.50E-05,2.98E-05,27,29,36.6093,73.5102,1.2240,3.5890,0.6055
NM_022363,LHX5,12,113900693,1209,7.46E-06,1.48E-05,13,5,17.9537,36.2150,0.9010,3.5860,0.8619
NM_000162,GCK,7,44183869,1398,1.06E-05,2.08E-05,13,14,25.7055,51.0646,1.9314,3.5858,0.7258
NM_015905,TRIM24,7,138145078,3153,1.07E-05,2.75E-05,20,25,26.0832,67.6608,0.9180,3.5855,0.6305
NM_016601,KCNK9,8,140624803,1125,8.77E-06,1.69E-05,15,8,21.2308,41.3247,1.0422,3.5839,0.8064
NM_006662,SRCAP,16,30710461,9693,3.95E-05,1.05E-04,100,176,97.4656,259.4570,-0.1978,3.5819,0.3217
NM_006196,PCBP1,2,70314584,1071,7.20E-06,1.33E-05,18,3,17.3238,32.5663,-0.1252,3.5818,0.9079
NM_014856,DENND4B,1,153901976,4491,2.01E-05,5.20E-05,45,70,49.4639,128.7608,0.4892,3.5800,0.4564
NM_000462,UBE3A,15,25582395,2628,8.37E-06,2.20E-05,21,16,20.2238,54.0803,-0.1330,3.5799,0.7041
NM_000840,GRM3,7,86273229,2640,1.33E-05,2.92E-05,44,28,32.3567,71.9076,-1.5775,3.5797,0.6106
NM_001102398,HNRNPR,1,23636275,1911,6.72E-06,1.82E-05,17,10,16.1269,44.5666,-0.1676,3.5797,0.7756
NM_023034,WHSC1L1,8,38132560,4314,1.50E-05,3.82E-05,34,44,36.6848,94.2570,0.3416,3.5787,0.5332
NM_020410,ATP13A1,19,19756009,3615,2.13E-05,4.20E-05,50,51,52.4812,103.6948,0.2640,3.5775,0.5082
NM_018011,ARGLU1,13,107195661,822,4.47E-06,1.40E-05,8,4,10.5252,34.2855,0.5999,3.5758,0.8833
NM_001145358,SIN3A,15,75661719,3822,1.38E-05,3.70E-05,56,42,33.6591,91.4414,-2.9678,3.5744,0.5407
NM_006039,MRC2,17,60704761,4440,2.44E-05,5.10E-05,66,68,60.1066,126.0400,-0.5859,3.5741,0.4605
NM_001134224,INPP4A,2,99061320,2934,1.46E-05,3.14E-05,37,32,35.6530,77.5119,-0.1739,3.5738,0.5872
NM_001199570,CLIP3,19,36505561,1644,1.09E-05,2.13E-05,21,15,26.4558,52.4221,0.8175,3.5732,0.7139
NM_031844,HNRNPU,1,245013601,2478,1.37E-05,2.73E-05,14,25,33.3714,67.3860,2.5844,3.5697,0.6290
NM_001042389,PTPN20A,10,48737041,1263,4.30E-06,1.17E-05,1,1,10.1190,28.5652,2.2094,3.5656,0.9650
NM_001042357,PTPN20B,10,48737041,1263,4.30E-06,1.17E-05,1,1,10.1190,28.5652,2.2094,3.5656,0.9650
NM_015076,CDK19,6,110931180,1509,6.19E-06,1.47E-05,10,5,14.8189,35.8785,0.9648,3.5639,0.8606
NM_183357,ADCY5,3,123001142,3786,2.37E-05,4.61E-05,60,59,58.3061,114.0171,-0.1710,3.5621,0.4825
NM_003075,SMARCC2,12,56555635,3645,1.75E-05,3.75E-05,43,43,42.8528,92.5700,-0.0173,3.5618,0.5355
NM_000238,KCNH2,7,150642043,3480,1.91E-05,3.80E-05,51,44,46.8351,93.9278,-0.4690,3.5615,0.5316
NM_198504,PAQR9,3,142680073,1134,9.20E-06,1.60E-05,22,7,22.2983,39.1924,0.0487,3.5550,0.8214
NM_015028,TNIK,3,170780291,4083,1.42E-05,3.68E-05,40,42,34.7616,90.9731,-0.6848,3.5497,0.5383
NM_198715,PTGER3,1,71471536,1167,8.81E-06,1.73E-05,11,9,21.3117,42.4271,1.7215,3.5479,0.7879
NM_013286,RBM15B,3,51428698,2673,1.45E-05,3.24E-05,21,34,35.4134,79.8520,1.8667,3.5474,0.5742
NM_031213,FAM108A1,19,1876974,1086,1.02E-05,1.73E-05,10,9,24.8226,42.4168,2.2929,3.5472,0.7878
NM_182619,CLEC18A,16,69984809,1341,7.39E-06,1.59E-05,1,7,17.7887,39.0492,3.0678,3.5457,0.8207
NM_003317,NKX2-1,14,36985603,1116,8.68E-06,1.38E-05,3,4,20.9913,33.8277,3.0264,3.5455,0.8818
NM_003393,WNT8B,10,102222811,1056,6.59E-06,1.53E-05,14,6,15.7953,37.3302,0.3481,3.5450,0.8393
NM_001178016,SLC4A10,2,162480844,3300,1.04E-05,2.72E-05,33,25,25.3785,66.9526,-1.1660,3.5446,0.6266
NM_006236,POU3F3,2,105471968,1503,8.09E-06,1.31E-05,10,3,19.5207,31.9979,1.6608,3.5440,0.9062
NM_006178,NSF,17,44668034,2235,7.71E-06,1.92E-05,10,12,18.5750,47.1970,1.5334,3.5419,0.7457
NM_005514,HLA-B,6,31321648,1089,8.60E-06,1.59E-05,10,7,20.8066,38.9487,1.8259,3.5391,0.8203
NM_139318,KCNH5,14,63173944,2967,1.19E-05,2.89E-05,25,28,28.9991,71.1832,0.5723,3.5385,0.6066
NM_177438,DICER1,14,95552564,5769,2.05E-05,5.01E-05,46,67,50.3331,123.9882,0.4707,3.5382,0.4596
NM_000259,MYO5A,15,52599479,5568,1.87E-05,5.32E-05,46,73,45.9814,131.6956,-0.0021,3.5360,0.4457
NM_015080,NRXN2,11,64373645,5139,2.76E-05,5.63E-05,45,79,68.1274,139.3413,2.1595,3.5340,0.4330
NM_012090,MACF1,1,39547088,16293,5.42E-05,1.47E-04,142,267,134.0714,364.6075,-0.5277,3.5339,0.2677
NM_001142502,PPP1R13L,19,45882891,2487,1.91E-05,3.23E-05,27,34,46.8441,79.6020,2.2346,3.5335,0.5729
NM_139055,ADAMTS15,11,130318868,2853,2.02E-05,4.11E-05,46,50,49.5481,101.4485,0.3885,3.5313,0.5071
NM_178570,RTN4RL2,11,57228338,1263,9.09E-06,1.65E-05,15,8,22.0090,40.5067,1.1515,3.5310,0.8025
NM_004248,PRLHR,10,120352915,1113,1.10E-05,1.98E-05,12,13,26.6882,48.5561,2.1913,3.5276,0.7323
NM_001032280,TFAP2A,6,10396915,1296,9.45E-06,1.65E-05,16,8,22.9215,40.4266,1.1142,3.5258,0.8021
NM_031946,AGAP3,7,150783825,2736,1.75E-05,3.67E-05,35,42,42.9846,90.5139,0.9386,3.5253,0.5360
NM_002140,HNRNPK,9,86582997,1395,5.19E-06,1.51E-05,9,6,12.3323,36.9578,0.7313,3.5205,0.8377
NM_001040716,PC,11,66615996,3537,2.15E-05,4.52E-05,60,58,52.9783,111.8456,-0.7435,3.5199,0.4814
NM_002088,GRIK5,19,42502472,2943,1.55E-05,3.44E-05,49,38,37.9812,84.9166,-1.3780,3.5198,0.5525
NM_020822,KCNT1,9,138594030,3708,2.49E-05,4.84E-05,93,64,61.4069,119.6983,-3.1072,3.5195,0.4653
NM_030627,CPEB4,5,173315330,2190,8.55E-06,2.10E-05,24,15,20.6620,51.5100,-0.5660,3.5169,0.7088
NM_001199942,DOPEY1,6,83777384,7431,2.17E-05,5.87E-05,44,84,53.2900,145.2913,0.9808,3.5153,0.4219
NM_002478,MYOD1,11,17741109,963,1.13E-05,1.90E-05,7,12,27.5837,46.7105,3.0206,3.5111,0.7431
NM_052896,CSMD2,1,33979608,10464,5.52E-05,1.15E-04,144,199,136.5539,284.6909,-0.4911,3.5110,0.3010
NM_020742,NLGN4X,X,5808082,2451,1.51E-05,2.93E-05,34,19,29.1254,57.4773,-0.6961,3.5087,0.6694
NM_005568,LHX1,17,35294771,1221,1.11E-05,1.90E-05,18,12,27.0758,46.6705,1.3443,3.5086,0.7429
NM_001099784,FBXL19,16,30935895,2085,8.94E-06,2.15E-05,26,16,21.6366,52.8722,-0.7230,3.5057,0.6974
NM_015276,USP22,17,20902905,1578,8.12E-06,1.64E-05,14,8,19.6139,40.0853,0.9770,3.5035,0.8004
NM_023067,FOXL2,3,138663065,1131,7.47E-06,1.21E-05,7,2,17.9907,29.5457,1.9971,3.5035,0.9323
NM_001099404,SCN5A,3,38589552,6051,3.22E-05,7.07E-05,84,108,79.4083,175.0464,-0.3971,3.5034,0.3830
NM_182641,BPTF,17,65821779,8763,2.93E-05,7.22E-05,80,111,72.2195,178.7265,-0.7056,3.5023,0.3789
NM_004038,AMY1A,1,104198301,1536,4.66E-06,1.36E-05,1,4,11.0092,33.1499,2.3249,3.5001,0.8793
NM_001008218,AMY1B,1,104198324,1536,4.66E-06,1.36E-05,1,4,11.0092,33.1499,2.3249,3.5001,0.8793
NM_001008219,AMY1C,1,104198302,1536,4.66E-06,1.36E-05,1,4,11.0092,33.1499,2.3249,3.5001,0.8793
NM_152756,RICTOR,5,38938021,5127,1.62E-05,4.35E-05,37,55,39.7260,107.4852,0.3333,3.4999,0.4883
NM_017730,QRICH1,3,49067141,2331,9.15E-06,2.15E-05,20,16,22.1524,52.7745,0.3525,3.4996,0.6968
NM_001202543,CUX1,7,101459183,4551,2.55E-05,5.03E-05,58,68,62.8118,124.4588,0.4679,3.4987,0.4536
NM_025248,SRCIN1,17,36686258,3552,1.72E-05,3.53E-05,33,40,42.2212,87.2622,1.0937,3.4978,0.5416
NM_052876,NACC1,19,13229101,1584,9.45E-06,1.83E-05,32,11,22.9169,44.8746,-1.4623,3.4959,0.7549
NM_006624,ZMYND11,10,180404,1809,6.45E-06,1.89E-05,16,12,15.4518,46.4432,-0.1075,3.4941,0.7416
NM_007056,CLASRP,19,45542297,2025,1.01E-05,2.33E-05,22,19,24.4221,57.2323,0.3777,3.4938,0.6680
NM_003152,STAT5A,17,40439564,2385,1.29E-05,2.74E-05,25,26,31.4748,67.4662,0.8895,3.4901,0.6146
NM_014847,UBAP2L,1,154193324,3264,1.45E-05,3.14E-05,34,33,35.4570,77.4030,0.1886,3.4892,0.5737
NM_032221,CHD6,20,40031169,8148,3.16E-05,7.75E-05,75,122,78.0561,191.9062,0.2666,3.4887,0.3643
NM_001244008,KIF1A,2,241653180,5376,2.88E-05,6.20E-05,94,91,70.8855,153.5236,-2.1159,3.4886,0.4073
NM_003106,SOX2,3,181429711,954,9.07E-06,1.56E-05,5,7,21.9701,38.1600,2.7903,3.4872,0.8166
NM_000080,CHRNE,17,4801063,1482,1.24E-05,2.20E-05,15,17,30.3160,54.0252,2.1439,3.4825,0.6853
NM_001258020,GRIA1,5,152870083,2436,1.06E-05,2.55E-05,31,23,25.6825,62.9048,-0.8087,3.4783,0.6344
NM_003042,SLC6A1,3,11034419,1800,9.93E-06,2.01E-05,26,14,24.1142,49.3332,-0.2960,3.4778,0.7162
NM_018013,SOBP,6,107811316,2622,1.47E-05,2.61E-05,13,24,36.0067,64.3540,2.9550,3.4777,0.6271
NM_000088,COL1A1,17,48261456,4395,2.33E-05,5.17E-05,52,71,57.2096,127.8748,0.5308,3.4771,0.4448
NM_015074,KIF1B,1,10270763,5313,2.08E-05,5.37E-05,37,75,51.0031,132.9790,1.5112,3.4759,0.4360
NM_001141945,ACTA2,10,90694830,1134,5.09E-06,1.27E-05,17,3,12.0786,30.9875,-1.0914,3.4758,0.9032
NM_003165,STXBP1,9,130374485,1812,8.88E-06,2.07E-05,21,15,21.4994,50.8175,0.0830,3.4736,0.7048
NM_001042496,SLC12A6,15,34522196,3426,1.28E-05,3.35E-05,28,37,31.1115,82.6801,0.4299,3.4731,0.5525
NM_015335,MED13L,12,116396380,6633,2.60E-05,6.19E-05,64,91,64.1463,153.1504,0.0141,3.4720,0.4058
NM_001096,ACLY,17,40023178,3306,1.69E-05,3.68E-05,35,43,41.5129,90.8610,0.7791,3.4712,0.5267
NM_018988,GFOD1,6,13363586,1173,1.05E-05,1.88E-05,17,12,25.6089,46.0739,1.3111,3.4704,0.7395
NM_001114329,GRM1,6,146348781,2721,1.27E-05,2.90E-05,38,29,31.0181,71.3962,-0.9662,3.4688,0.5938
NM_007038,ADAMTS5,21,28290230,2793,1.65E-05,3.46E-05,33,39,40.4832,85.3187,0.9064,3.4668,0.5429
NM_001080477,ODZ3,4,183245136,8100,3.95E-05,8.55E-05,67,139,97.6549,212.0159,2.3908,3.4667,0.3444
NM_015103,PLXND1,3,129274055,5778,3.45E-05,6.73E-05,87,102,85.1235,166.7344,-0.1568,3.4659,0.3882
NM_012102,RERE,1,8412463,4701,2.38E-05,5.16E-05,68,71,58.5461,127.6326,-0.9522,3.4656,0.4437
NM_030624,KLHL15,X,24001832,1815,7.58E-06,1.78E-05,19,5,14.0711,34.3897,-1.0127,3.4647,0.8546
NM_002613,PDPK1,16,2587969,1671,1.00E-05,1.87E-05,6,12,24.3728,45.9753,2.8682,3.4641,0.7390
NM_005862,STAG1,3,136055998,3777,1.14E-05,3.18E-05,26,34,27.7877,78.3390,0.2614,3.4633,0.5660
NM_032973,PCDH11Y,Y,4924130,4023,9.86E-06,2.54E-05,6,23,23.9395,62.6065,2.8258,3.4606,0.6326
NM_001098634,RBM47,4,40425271,1782,1.51E-05,2.77E-05,18,27,36.8316,68.3672,2.3915,3.4588,0.6051
NM_024612,DHX40,17,57642885,2340,8.23E-06,2.12E-05,21,16,19.8877,52.0753,-0.1922,3.4561,0.6928
NM_025134,CHD9,16,53088944,8646,2.53E-05,6.97E-05,62,107,62.2027,172.6309,0.0198,3.4533,0.3802
NM_001145667,GLG1,16,74481325,3540,1.52E-05,3.77E-05,42,45,37.2616,93.2145,-0.5983,3.4524,0.5172
NM_024731,KLHL36,16,84682130,1851,1.55E-05,2.94E-05,49,30,38.0369,72.5222,-1.3700,3.4520,0.5863
NM_005406,ROCK1,18,18529702,4065,1.22E-05,3.22E-05,36,35,29.7535,79.5236,-0.8826,3.4517,0.5599
NM_020764,CASKIN1,16,2227183,4296,2.34E-05,4.31E-05,62,55,57.5893,106.5171,-0.4479,3.4509,0.4837
NM_001025105,CSNK1A1,5,148874844,1098,3.96E-06,1.02E-05,11,0,9.2784,24.8964,-0.4356,3.4495,1.0000
NM_001402,EEF1A1,6,74225472,1389,5.39E-06,1.40E-05,12,5,12.8307,34.1636,0.1787,3.4494,0.8536
NM_001039469,MARK2,11,63606399,2367,1.12E-05,2.71E-05,21,26,27.1579,66.7170,0.9107,3.4463,0.6103
NM_001049,SSTR1,14,38677203,1176,9.69E-06,1.86E-05,16,12,23.5018,45.6944,1.1926,3.4460,0.7374
NM_001067,TOP2A,17,38544772,4596,1.31E-05,3.55E-05,27,41,31.8639,87.6173,0.6641,3.4430,0.5321
NM_001010889,PRAMEF6,1,12998301,1431,4.97E-06,1.25E-05,1,3,11.7825,30.4754,2.4210,3.4408,0.9016
NM_004852,ONECUT2,18,55102916,1515,1.12E-05,2.05E-05,15,15,27.3007,50.2927,1.8144,3.4405,0.7017
NM_139320,CHRFAM7A,15,30653442,1239,8.55E-06,1.60E-05,7,8,20.6665,39.0980,2.3169,3.4383,0.7954
NM_001039888,ANKRD34A,1,145470507,1491,1.16E-05,2.35E-05,9,20,28.1840,57.8117,2.7850,3.4380,0.6540
NM_173683,XKR6,8,10753656,1926,1.22E-05,2.35E-05,27,20,29.8416,57.8060,0.4009,3.4377,0.6540
NM_000193,SHH,7,155595557,1389,8.80E-06,1.39E-05,11,5,21.2856,33.9718,1.7182,3.4364,0.8528
NM_003938,AP3D1,19,2100993,3462,2.19E-05,4.24E-05,65,54,53.9585,104.8867,-1.1585,3.4350,0.4852
NM_001083962,TCF4,18,52889561,2016,8.68E-06,1.98E-05,27,14,20.9889,48.6447,-1.0112,3.4341,0.7122
NM_170677,MEIS2,15,37183221,1206,8.27E-06,1.46E-05,9,6,19.9850,35.6588,1.8938,3.4337,0.8317
NM_001040424,PRDM15,21,43218384,3537,2.31E-05,4.51E-05,61,59,56.7265,111.4195,-0.4373,3.4332,0.4705
NM_001070,TUBG1,17,40761357,1356,6.95E-06,1.59E-05,16,8,16.6880,39.0143,0.1298,3.4327,0.7949
NM_001206999,CIT,12,120123594,6210,2.96E-05,6.80E-05,71,104,72.9059,168.3850,0.1720,3.4302,0.3824
NM_182557,BCL9L,11,118766850,4500,2.43E-05,5.23E-05,64,73,59.8562,129.3692,-0.4128,3.4262,0.4357
NM_022049,GPR88,1,101003727,1155,6.83E-06,1.24E-05,6,3,16.4062,30.2631,1.9801,3.4262,0.9009
NM_001256627,BRSK2,11,1411128,2211,1.31E-05,2.69E-05,50,26,31.8976,66.3696,-2.4703,3.4258,0.6083
NM_004522,KIF5C,2,149632791,2874,1.05E-05,2.40E-05,27,21,25.4452,59.0679,-0.2376,3.4243,0.6445
NM_177552,SULT1A3,16,30210548,888,4.55E-06,1.01E-05,0,0,10.7292,24.5198,2.5245,3.4233,1.0000
NM_001017390,SULT1A4,16,30210548,888,4.55E-06,1.01E-05,0,0,10.7292,24.5198,2.5245,3.4233,1.0000
NM_178537,B4GALNT4,11,369794,3120,1.78E-05,3.37E-05,34,38,43.7029,83.1313,1.1312,3.4220,0.5429
NM_148977,PANK1,10,91339253,1797,9.05E-06,1.85E-05,13,12,21.9083,45.3054,1.4668,3.4208,0.7351
NM_018026,PACS1,11,65837823,2892,1.43E-05,2.98E-05,33,31,34.9869,73.3841,0.2589,3.4205,0.5776
NM_018028,SAMD4B,19,39833107,2085,1.08E-05,2.46E-05,22,22,26.1438,60.4727,0.6246,3.4203,0.6362
NM_153635,CPNE9,3,9745509,1662,8.55E-06,1.97E-05,19,14,20.6752,48.4163,0.2839,3.4195,0.7108
NM_024007,EBF1,5,158122922,1776,1.05E-05,2.16E-05,21,17,25.4331,52.9978,0.6775,3.4185,0.6792
NM_054025,B3GAT1,11,134248397,1005,8.71E-06,1.78E-05,16,11,21.0610,43.6778,0.8499,3.4183,0.7482
NM_002074,GNB1,1,1716724,1023,6.18E-06,1.31E-05,16,4,14.7756,31.9119,-0.2455,3.4159,0.8747
NM_007067,KAT7,17,47865980,1836,6.41E-06,1.84E-05,13,12,15.3572,45.2225,0.4636,3.4154,0.7346
NM_003073,SMARCB1,22,24129149,1158,7.00E-06,1.38E-05,14,5,16.8277,33.6543,0.5313,3.4147,0.8514
NM_001114091,CDC27,17,45195310,2493,7.89E-06,1.97E-05,7,14,19.0368,48.3275,2.1262,3.4138,0.7103
NM_022066,UBE2O,17,74385612,3879,2.03E-05,4.17E-05,43,53,49.8142,103.1475,0.7441,3.4136,0.4862
NM_004593,TRA2B,3,185632357,867,3.32E-06,1.23E-05,7,3,7.6853,30.0680,0.1905,3.4127,0.9002
NM_003685,KHSRP,19,6413118,2136,9.24E-06,1.90E-05,31,13,22.3852,46.7490,-1.4033,3.4124,0.7219
NM_014691,AQR,15,35148551,4458,1.37E-05,3.91E-05,33,48,33.5225,96.4754,0.0695,3.4119,0.5025
NM_001040084,ANXA8,10,47157983,984,4.78E-06,1.00E-05,1,0,11.3016,24.3535,2.3617,3.4117,1.0000
NM_001098845,ANXA8L1,10,47157988,984,4.78E-06,1.00E-05,1,0,11.3016,24.3535,2.3617,3.4117,1.0000
NM_024963,FBXL18,7,5515427,2157,1.64E-05,3.08E-05,29,33,40.2550,76.0237,1.3672,3.4113,0.5659
NM_024496,IRF2BPL,14,77490885,2391,1.81E-05,3.03E-05,42,32,44.4793,74.6120,0.2865,3.4105,0.5711
NM_021241,WIZ,19,15532317,2385,1.42E-05,3.25E-05,25,36,34.6568,80.1143,1.2642,3.4073,0.5506
NM_001039960,SLC4A8,12,51818593,3282,1.08E-05,2.91E-05,26,30,26.2204,71.7113,0.0332,3.4052,0.5817
NM_032442,NEURL4,17,7218950,4689,2.63E-05,5.97E-05,58,88,64.7930,147.8742,0.6504,3.4039,0.4049
NM_001205201,TEX28,X,153498929,1233,5.97E-06,1.26E-05,0,0,10.8625,24.1862,2.5401,3.4000,1.0000
NM_000684,ADRB1,10,115803805,1434,9.54E-06,1.83E-05,9,12,23.1283,44.9800,2.2642,3.3996,0.7332
NM_177559,CSNK2A1,20,463337,1176,4.40E-06,1.15E-05,12,2,10.3604,28.0301,-0.3926,3.3990,0.9286
NM_001098398,COPA,1,160258376,3702,1.30E-05,3.68E-05,23,44,31.7678,90.8366,1.1989,3.3974,0.5156
NM_015326,SRGAP2,1,206516199,2958,1.35E-05,3.18E-05,17,35,32.9585,78.5310,2.1424,3.3960,0.5543
NM_153265,EML3,11,62369690,2691,1.41E-05,3.18E-05,27,35,34.5529,78.5309,0.9903,3.3960,0.5543
NM_002270,TNPO1,5,72112417,2697,8.88E-06,2.38E-05,19,21,21.5016,58.6009,0.4158,3.3957,0.6416
NM_002588,PCDHGC3,5,140855568,2805,1.89E-05,3.73E-05,35,45,46.3141,92.1410,1.2813,3.3952,0.5116
NM_020228,PRDM10,11,129769600,3483,1.81E-05,4.00E-05,39,50,44.3882,98.8163,0.6233,3.3950,0.4940
NM_006706,TCERG1,5,145826872,3297,1.17E-05,3.18E-05,22,35,28.5960,78.4813,0.9506,3.3932,0.5540
NM_001198525,TCF7L2,10,114710008,1431,9.42E-06,1.70E-05,18,10,22.8328,41.6866,0.7795,3.3929,0.7601
NM_021224,ZNF462,9,109625377,7521,3.27E-05,7.55E-05,94,120,80.7487,187.0668,-1.1365,3.3900,0.3585
NM_005515,MNX1,7,156797546,1206,7.67E-06,1.22E-05,5,3,18.4936,29.7293,2.4183,3.3891,0.8991
NM_001080140,CT47A7,X,120087136,867,7.54E-06,1.26E-05,0,0,13.9951,24.0307,2.8832,3.3890,1.0000
NM_001080141,CT47A6,X,120106600,867,7.54E-06,1.26E-05,0,0,13.9950,24.0300,2.8832,3.3890,1.0000
NM_152221,CSNK1E,22,38686696,1251,7.41E-06,1.70E-05,13,10,17.8421,41.6088,0.8835,3.3877,0.7597
NM_016151,TAOK2,16,29985187,3708,1.70E-05,4.57E-05,48,61,41.7289,113.0926,-0.7482,3.3865,0.4606
NM_003885,CDK5R1,17,30814104,924,6.97E-06,1.29E-05,8,4,16.7574,31.4771,1.6488,3.3858,0.8729
NM_012182,FOXB1,15,60296420,978,1.02E-05,1.63E-05,10,9,24.7600,39.9556,2.2861,3.3856,0.7747
NM_001193511,MAP3K12,12,53874275,2679,1.02E-05,2.66E-05,26,26,24.7486,65.5887,-0.1939,3.3795,0.6036
NM_022454,SOX17,8,55370494,1245,8.23E-06,1.42E-05,6,6,19.8891,34.8364,2.4002,3.3776,0.8278
NM_015097,CLASP2,3,33537738,4548,1.33E-05,3.61E-05,41,43,32.5308,89.0933,-1.1444,3.3760,0.5174
NM_017780,CHD7,8,61591323,8994,3.49E-05,8.41E-05,80,138,86.1118,208.4925,0.5076,3.3751,0.3381
NM_002228,JUN,1,59246462,996,9.53E-06,1.49E-05,7,7,23.1030,36.4600,2.5820,3.3730,0.8080
NM_015908,SRRT,7,100472700,2631,1.48E-05,3.55E-05,37,42,36.1842,87.6777,-0.1045,3.3725,0.5210
NM_184234,RBM39,20,34291530,1593,4.97E-06,1.56E-05,9,8,11.7887,38.1147,0.6260,3.3723,0.7901
NM_002763,PROX1,1,214161859,2214,1.01E-05,2.31E-05,19,20,24.5735,56.7358,0.8665,3.3717,0.6475
NM_001098,ACO2,22,41865128,2343,1.25E-05,2.66E-05,21,26,30.4814,65.4431,1.3236,3.3708,0.6027
NM_004926,ZFP36L1,14,69254371,1017,6.32E-06,1.35E-05,4,5,15.1230,33.0107,2.2044,3.3704,0.8485
NM_022459,XPO4,13,21351467,3456,1.09E-05,2.77E-05,30,28,26.5480,68.2808,-0.5164,3.3701,0.5899
NM_007197,FZD10,12,130647003,1746,1.57E-05,2.77E-05,17,28,38.5038,68.2783,2.6709,3.3699,0.5899
NM_031417,MARK4,19,45754515,2067,1.10E-05,2.48E-05,25,23,26.7023,61.0717,0.2539,3.3680,0.6234
NM_032792,ZBTB45,19,59024896,1536,1.30E-05,2.48E-05,26,23,31.7379,61.0250,0.7850,3.3651,0.6231
NM_001008709,PPP1CA,11,67165651,1026,6.58E-06,1.28E-05,17,4,15.7678,31.1684,-0.2392,3.3643,0.8717
NM_018202,TMEM57,1,25757387,1995,7.83E-06,1.87E-05,21,13,18.8875,46.0002,-0.3746,3.3638,0.7174
NM_018197,ZFP64,20,50767816,2046,1.28E-05,2.54E-05,23,24,31.2739,62.4470,1.1403,3.3635,0.6157
NM_005298,GPR25,1,200842165,1086,8.78E-06,1.62E-05,8,9,21.2508,39.5900,2.2154,3.3611,0.7727
NM_019096,GTPBP2,6,43588217,1809,8.26E-06,2.06E-05,18,16,19.9632,50.5655,0.3386,3.3605,0.6836
NM_000704,ATP4A,19,36041094,3108,2.06E-05,4.19E-05,55,54,50.6950,103.4242,-0.4660,3.3598,0.4779
NM_001083538,POTEE,2,131975923,3228,1.53E-05,3.27E-05,17,37,37.5704,80.6252,2.5865,3.3589,0.5411
NM_001042537,SLC9A6,X,135067585,2106,8.96E-06,2.11E-05,13,10,16.8394,41.1293,0.7211,3.3557,0.7569
NM_177987,TUBB8,10,92827,1335,8.26E-06,1.68E-05,12,10,19.9445,41.1236,1.3710,3.3553,0.7568
NM_014705,DOCK4,7,111366163,5901,2.28E-05,5.58E-05,47,81,56.0138,137.9945,0.9282,3.3542,0.4130
NM_080836,STK35,20,2082527,1605,6.37E-06,1.41E-05,12,6,15.2471,34.4882,0.6409,3.3537,0.8260
NM_005898,CAPRIN1,11,34073229,2130,8.63E-06,2.11E-05,16,17,20.8828,51.9645,0.8235,3.3532,0.6729
NM_012479,YWHAG,7,75956107,744,6.07E-06,1.05E-05,17,1,14.4994,25.4752,-0.5061,3.3524,0.9607
NM_032808,LINGO1,15,77905368,1863,1.34E-05,2.64E-05,41,26,32.6208,65.1309,-1.1307,3.3521,0.6008
NM_020328,ACVR1B,12,52345450,1641,6.84E-06,1.68E-05,15,10,16.4347,41.0706,0.2728,3.3518,0.7565
NM_172016,TRIM39,6,30295007,1467,5.68E-06,1.61E-05,3,9,13.5497,39.4459,2.2088,3.3513,0.7718
NM_001206996,PPP2R2C,4,6322304,1293,8.27E-06,1.74E-05,21,11,19.9671,42.6591,-0.1782,3.3511,0.7421
NM_012293,PXDN,2,1635658,4440,2.95E-05,5.67E-05,71,83,72.8347,140.4407,0.1657,3.3509,0.4090
NM_001533,HNRNPL,19,39327027,1770,7.84E-06,1.68E-05,22,10,18.9079,41.0524,-0.5481,3.3505,0.7564
NM_006668,CYP46A1,14,100150754,1503,6.29E-06,1.48E-05,17,7,15.0614,36.1155,-0.3850,3.3494,0.8062
NM_024016,HOXB8,17,46689707,732,6.88E-06,1.12E-05,11,2,16.5260,27.2899,1.0476,3.3468,0.9267
NM_020123,TM9SF3,10,98277866,1770,5.04E-06,1.41E-05,17,6,11.9405,34.3864,-1.1285,3.3466,0.8255
NM_018383,WDR33,2,128461807,4011,1.49E-05,4.12E-05,33,53,36.3563,101.8515,0.4290,3.3464,0.4796
NM_199262,SP6,17,45922279,1131,9.78E-06,1.67E-05,6,10,23.7387,40.9867,2.8060,3.3461,0.7560
NM_183377,ASIC2,17,31340105,1692,8.94E-06,1.92E-05,22,14,21.6311,47.2605,-0.0611,3.3448,0.7038
NM_032805,ZSCAN10,16,3138894,2178,1.51E-05,3.20E-05,30,36,37.0526,78.9992,0.8930,3.3446,0.5443
NM_007371,BRD3,9,136895445,2181,1.49E-05,2.75E-05,51,28,36.4608,67.8490,-1.8557,3.3445,0.5873
NM_025054,VCPIP1,8,67542487,3669,1.46E-05,3.37E-05,20,39,35.6205,83.0926,2.0171,3.3441,0.5306
NM_006000,TUBA4A,2,220115000,1347,6.35E-06,1.54E-05,14,8,15.1942,37.6567,0.2361,3.3411,0.7876
NM_014717,ZNF536,19,30863327,3903,2.56E-05,4.85E-05,47,67,63.0639,119.9135,1.5590,3.3406,0.4413
NM_014247,RAPGEF2,4,160188997,4500,1.66E-05,4.12E-05,38,53,40.7544,101.7051,0.3325,3.3388,0.4789
NM_152713,STT3A,11,125462738,2118,7.37E-06,2.10E-05,15,17,17.7372,51.7353,0.5009,3.3386,0.6714
NM_003883,HDAC3,5,141000442,1287,6.48E-06,1.40E-05,10,6,15.5381,34.2514,1.0828,3.3373,0.8248
NM_198488,FAM83H,8,144806102,3540,2.27E-05,4.43E-05,33,59,55.7535,109.4990,2.3486,3.3363,0.4612
NM_018225,SMU1,9,33041849,1542,5.13E-06,1.33E-05,8,5,12.1807,32.5111,0.9232,3.3357,0.8462
NM_000911,OPRD1,1,29138653,1119,8.58E-06,1.73E-05,15,11,20.7570,42.4096,0.9739,3.3344,0.7406
NM_004651,USP11,X,47092313,2892,1.52E-05,3.44E-05,32,28,29.2542,67.6759,-0.3913,3.3343,0.5863
NM_014877,HELZ,17,65066553,5829,2.00E-05,5.10E-05,45,72,49.0838,126.1597,0.4493,3.3335,0.4293
NM_133329,KCNG3,2,42669156,1311,8.24E-06,1.66E-05,11,10,19.9086,40.7962,1.5388,3.3333,0.7549
NM_013336,SEC61A1,3,127771211,1431,6.71E-06,1.47E-05,23,7,16.1007,35.8729,-1.3252,3.3327,0.8049
NM_016166,PIAS1,15,68346571,1956,7.73E-06,1.73E-05,26,11,18.6320,42.3753,-1.3156,3.3321,0.7404
NM_019592,RNF20,9,104296132,2928,9.23E-06,2.91E-05,24,31,22.3754,71.8515,-0.2647,3.3318,0.5686
NM_006083,IK,5,140027383,1674,5.32E-06,1.73E-05,10,11,12.6579,42.3684,0.5758,3.3317,0.7404
NM_001024661,PRAMEF13,1,13447413,1425,5.38E-06,1.33E-05,0,5,12.7840,32.4479,2.7556,3.3312,0.8459
NM_004962,GDF10,10,48425787,1437,1.07E-05,2.10E-05,19,17,25.9713,51.6196,1.0543,3.3312,0.6707
NM_006666,RUVBL2,19,49497155,1392,1.00E-05,2.16E-05,25,18,24.2691,53.0829,-0.1143,3.3290,0.6609
NM_001127386,DUX4L2,10,135490278,1458,4.49E-06,9.56E-06,0,0,10.5955,23.1827,2.5087,3.3287,1.0000
NM_001164467,DUX4L3,10,135490278,1458,4.49E-06,9.56E-06,0,0,10.5955,23.1827,2.5087,3.3287,1.0000
NM_001127389,DUX4L5,10,135490278,1458,4.49E-06,9.56E-06,0,0,10.5955,23.1827,2.5087,3.3287,1.0000
NM_001127388,DUX4L6,10,135490278,1458,4.49E-06,9.56E-06,0,0,10.5955,23.1827,2.5087,3.3287,1.0000
NM_015322,FEM1B,15,68570140,1884,7.48E-06,1.91E-05,12,14,18.0159,47.0132,1.0924,3.3286,0.7022
NM_020794,LRRC7,1,70225857,4614,1.67E-05,4.05E-05,47,52,40.9610,100.1661,-0.7272,3.3271,0.4809
NM_152611,LRRN4,20,6021424,2223,1.60E-05,2.85E-05,19,30,39.1201,70.3591,2.4792,3.3264,0.5736
NM_001170755,NBPF15,1,148558187,2013,7.78E-06,1.66E-05,4,10,18.7485,40.6885,2.6252,3.3260,0.7542
NM_001102663,NBPF16,1,148577356,2013,7.78E-06,1.66E-05,4,10,18.7485,40.6885,2.6252,3.3260,0.7542
NM_001145415,SETDB1,1,150898814,3876,1.38E-05,3.84E-05,42,48,33.7889,94.8505,-1.0887,3.3257,0.4939
NM_203304,MEX3D,19,1554667,1956,7.82E-06,1.46E-05,14,7,18.8618,35.7585,0.8628,3.3248,0.8042
NM_025251,ARHGAP39,8,145754562,3345,2.49E-05,4.62E-05,42,63,61.2367,114.3462,1.8946,3.3196,0.4490
NM_000217,KCNA1,12,5019072,1488,1.03E-05,2.03E-05,24,16,25.0341,49.9033,0.1593,3.3179,0.6794
NM_004586,RPS6KA3,X,20168028,2223,6.49E-06,1.84E-05,9,7,11.9078,35.6136,0.6494,3.3148,0.8034
NM_001965,EGR4,2,73518056,1770,1.24E-05,2.15E-05,20,18,30.2811,52.8429,1.4399,3.3137,0.6594
NM_021078,KAT2A,17,40265128,2514,1.11E-05,2.68E-05,27,27,26.9492,65.9067,-0.0075,3.3132,0.5903
NM_173552,C3orf58,3,143690639,1293,7.26E-06,1.59E-05,16,9,17.4799,38.8814,0.2728,3.3130,0.7685
NM_001167734,VARS2,6,30882107,3282,1.41E-05,3.40E-05,17,40,34.4501,83.8565,2.2914,3.3110,0.5230
NM_012232,PTRF,17,40554466,1173,1.18E-05,2.09E-05,13,17,28.8066,51.2857,2.2698,3.3098,0.6685
NM_173619,CLEC18C,16,70207927,1341,7.32E-06,1.59E-05,3,9,17.6142,38.8336,2.6837,3.3097,0.7682
NM_006006,ZBTB16,11,113930430,2022,1.18E-05,2.38E-05,28,22,28.6914,58.6586,0.0995,3.3090,0.6249
NM_014858,TMCC2,1,205197037,2130,1.50E-05,3.01E-05,38,33,36.7918,74.2340,-0.1535,3.3086,0.5555
NM_003688,CASK,X,41374188,2766,1.15E-05,2.62E-05,22,17,21.8940,51.2433,-0.0175,3.3071,0.6682
NM_005577,LPA,6,160952514,6123,2.81E-05,6.19E-05,37,94,69.3203,153.1912,2.9918,3.3062,0.3864
NM_020854,KIAA1468,18,59854523,3651,1.49E-05,3.45E-05,27,41,36.3883,85.0928,1.1995,3.3045,0.5182
NM_003719,PDE8B,5,76506705,2658,1.21E-05,2.67E-05,28,27,29.3966,65.7336,0.1985,3.3028,0.5893
NM_207328,GPAT2,2,96687693,2388,1.13E-05,2.49E-05,16,24,27.4750,61.4204,1.6872,3.3010,0.6093
NM_015100,POGZ,1,151375199,4233,1.57E-05,4.09E-05,33,53,38.5175,100.9745,0.6852,3.3006,0.4751
NM_013265,C11orf2,11,64863682,2349,1.46E-05,3.06E-05,26,34,35.6927,75.4750,1.2504,3.3005,0.5495
NM_015570,AUTS2,7,69063905,3780,2.23E-05,4.50E-05,49,61,54.8346,111.3049,0.6073,3.2964,0.4520
NM_020806,GPHN,14,66974124,2310,7.79E-06,2.26E-05,14,20,18.7739,55.5102,0.8492,3.2950,0.6397
NM_001080398,KIAA0368,9,114122972,6054,2.06E-05,5.22E-05,47,75,50.6794,129.1514,0.3983,3.2942,0.4193
NM_001080450,BEND3,6,107386384,2487,1.70E-05,3.44E-05,40,41,41.5910,84.8957,0.1901,3.2936,0.5171
NM_001097613,GPR89A,1,145764594,1293,4.03E-06,1.16E-05,5,3,9.4433,28.3768,1.1144,3.2934,0.8943
NM_002248,KCNN1,19,18062110,1632,1.05E-05,2.08E-05,29,17,25.5416,50.9917,-0.5274,3.2909,0.6666
NM_181842,ZBTB12,6,31867393,1380,8.58E-06,1.77E-05,9,12,20.7551,43.3306,1.9886,3.2905,0.7231
NM_152414,BHLHE22,8,65492794,1146,6.62E-06,1.09E-05,5,2,15.8687,26.4800,2.1028,3.2888,0.9245
NM_004333,BRAF,7,140433812,2301,7.41E-06,1.89E-05,18,14,17.8491,46.3850,-0.0275,3.2873,0.6982
NM_002073,GNAZ,22,23412668,1068,7.21E-06,1.57E-05,30,9,17.3371,38.5029,-2.3439,3.2871,0.7663
NM_024326,FBXL15,10,104179570,903,7.66E-06,1.44E-05,3,7,18.4684,35.2128,2.7741,3.2869,0.8012
NM_207627,ABCG1,21,43619798,2007,1.28E-05,2.48E-05,41,24,31.2585,61.1571,-1.3429,3.2848,0.6076
NM_032313,NOA1,4,57829515,2097,1.26E-05,2.71E-05,15,28,30.7567,66.8403,2.1897,3.2844,0.5811
NM_152753,SCUBE3,6,35182189,2982,1.34E-05,3.32E-05,35,39,32.7907,81.9882,-0.2973,3.2822,0.5243
NM_005937,MLLT6,17,36861872,3282,1.66E-05,3.27E-05,29,38,40.7386,80.6248,1.4174,3.2818,0.5287
NM_001415,EIF2S3,X,24073064,1419,5.30E-06,1.28E-05,9,1,9.5210,24.4637,0.1301,3.2796,0.9591
NM_015001,SPEN,1,16174358,10995,4.64E-05,1.12E-04,115,199,114.8400,278.0738,-0.0115,3.2782,0.2844
NM_001410,MEGF8,19,42829760,8337,4.45E-05,9.70E-05,113,167,109.9930,240.5411,-0.2210,3.2781,0.3057
NM_012398,PIP5K1C,19,3630178,2007,1.59E-05,2.87E-05,40,31,38.8565,70.8691,-0.1414,3.2741,0.5626
NM_207355,POTEB,15,21040700,1635,3.84E-06,9.25E-06,0,0,8.9761,22.4093,2.3091,3.2727,1.0000
NM_000828,GRIA3,X,122318095,2685,1.09E-05,2.59E-05,15,17,20.6935,50.7000,0.9646,3.2720,0.6647
NM_001199163,PSMC5,17,61905043,1197,4.58E-06,1.22E-05,15,4,10.8064,29.8394,-0.9832,3.2702,0.8659
NM_004746,DLGAP1,18,3496029,2934,1.84E-05,3.85E-05,30,49,45.2088,95.1269,1.7433,3.2696,0.4849
NM_001099850,PRAMEF18,1,13474052,1440,5.47E-06,1.43E-05,1,7,13.0146,34.9642,2.5668,3.2695,0.7998
NM_001099790,PRAMEF19,1,13474052,1440,5.47E-06,1.43E-05,1,7,13.0146,34.9642,2.5668,3.2695,0.7998
NM_000064,C3,19,6677845,4992,2.93E-05,6.01E-05,70,91,72.3017,148.6620,0.2086,3.2695,0.3879
NM_005461,MAFB,20,39314516,972,9.04E-06,1.50E-05,6,8,21.9035,36.5906,2.6189,3.2676,0.7814
NM_006041,HS3ST3B1,17,14204505,1173,1.05E-05,1.88E-05,7,14,25.4703,46.0726,2.8206,3.2666,0.6961
NM_032361,THOC3,5,175386533,1056,6.06E-06,1.22E-05,1,4,14.4954,29.7852,2.7319,3.2663,0.8657
NM_024408,NOTCH2,1,120454175,7416,2.80E-05,7.19E-05,73,115,69.0446,178.0379,-0.3669,3.2661,0.3541
NM_015568,PPP1R16B,20,37434347,1704,9.03E-06,1.94E-05,24,15,21.8688,47.5906,-0.3512,3.2660,0.6848
NM_012290,TLK1,2,171847332,2301,7.85E-06,2.00E-05,18,16,18.9233,49.0902,0.1636,3.2651,0.6741
NM_144599,NIPA1,15,23043278,990,6.66E-06,1.15E-05,18,3,15.9891,27.9788,-0.3876,3.2647,0.8928
NM_003074,SMARCC1,3,47627377,3318,1.23E-05,3.09E-05,28,35,30.0778,76.1970,0.2920,3.2628,0.5407
NM_022169,ABCG4,11,119019749,1941,1.07E-05,2.24E-05,26,20,26.0874,54.9895,0.0132,3.2620,0.6363
NM_003972,BTAF1,10,93683735,5550,1.77E-05,4.63E-05,46,64,43.3446,114.4341,-0.3109,3.2594,0.4407
NM_001039618,CREBZF,11,85368607,1065,1.03E-05,1.75E-05,10,12,25.1409,42.8598,2.3273,3.2588,0.7200
NM_032525,TUBB6,18,12308256,1341,1.13E-05,2.05E-05,15,17,27.4292,50.4916,1.8291,3.2585,0.6633
NM_004267,CHST2,3,142838617,1593,1.02E-05,2.05E-05,17,17,24.7526,50.4874,1.2010,3.2582,0.6633
NM_013291,CPSF1,8,145618445,4332,2.73E-05,5.39E-05,96,79,67.1663,133.4368,-2.7115,3.2579,0.4080
NM_006876,B3GNT1,11,66112842,1248,9.30E-06,1.75E-05,6,12,22.5389,42.8456,2.6849,3.2578,0.7199
NM_013320,HCFC2,12,104458235,2379,8.25E-06,2.05E-05,16,17,19.9214,50.4769,0.6771,3.2575,0.6632
NM_006237,POU4F1,13,79173229,1260,8.07E-06,1.35E-05,16,6,19.4894,33.0946,0.6092,3.2561,0.8187
NM_020990,CKMT1B,15,43885251,1254,5.11E-06,1.49E-05,3,8,12.1365,36.4236,2.0213,3.2559,0.7804
NM_014802,KIAA0528,12,22601517,3003,9.91E-06,2.58E-05,18,26,24.0593,63.5142,0.9521,3.2542,0.5906
NM_000280,PAX6,11,31806339,1269,6.40E-06,1.35E-05,14,6,15.3299,33.0612,0.2618,3.2537,0.8185
NM_153006,NAGS,17,42082031,1605,9.06E-06,1.74E-05,8,12,21.9461,42.7782,2.2944,3.2533,0.7195
NM_005328,HAS2,8,122625270,1659,5.82E-06,1.42E-05,10,7,13.8776,34.7320,0.8022,3.2532,0.7985
NM_005029,PITX3,10,103989945,909,8.33E-06,1.35E-05,8,6,20.1322,33.0371,2.0839,3.2520,0.8184
NM_152441,FBXL14,12,1675158,1257,8.42E-06,1.81E-05,25,13,20.3421,44.3013,-0.7959,3.2512,0.7066
NM_003935,TOP3B,22,22311402,2589,1.59E-05,3.25E-05,32,38,38.8729,80.0800,0.8496,3.2509,0.5255
NM_013448,BAZ1A,14,35221936,4671,1.46E-05,4.10E-05,35,54,35.7516,101.3257,0.0969,3.2503,0.4671
NM_001080835,PRR21,2,240981229,1170,7.05E-06,1.61E-05,4,10,16.9499,39.5580,2.4242,3.2490,0.7472
NM_004040,RHOB,2,20646834,591,6.16E-06,1.07E-05,10,2,14.7370,25.9278,0.9510,3.2487,0.9229
NM_006186,NR4A2,2,157180943,1797,1.10E-05,2.17E-05,18,19,26.8549,53.3065,1.3169,3.2484,0.6436
NM_001130026,FAM115C,7,143412938,2448,8.06E-06,1.74E-05,3,12,19.4480,42.7058,2.8745,3.2484,0.7190
NM_001037161,ACOT1,14,74003927,1266,8.04E-06,1.61E-05,2,10,19.3976,39.5485,3.0444,3.2483,0.7471
NM_020807,ZNF319,16,58028572,1749,1.37E-05,2.57E-05,30,26,33.5063,63.4115,0.4668,3.2480,0.5900
NM_007007,CPSF6,12,69633316,1656,6.17E-06,1.80E-05,8,13,14.7528,44.2511,1.3550,3.2478,0.7062
NM_006734,HIVEP2,6,143072603,7341,2.94E-05,6.73E-05,74,106,72.4659,166.6428,-0.1389,3.2477,0.3639
NM_002271,IPO5,13,98605928,3348,1.23E-05,2.91E-05,33,32,29.8970,71.7881,-0.4374,3.2465,0.5542
NM_000399,EGR2,10,64571755,1431,7.95E-06,1.74E-05,11,12,19.1894,42.6426,1.4408,3.2441,0.7186
NM_152903,KBTBD6,13,41701708,2025,9.13E-06,2.28E-05,16,21,22.1073,56.1602,1.0011,3.2436,0.6261
NM_001169109,SCO2,22,50961996,801,4.14E-06,9.88E-06,0,1,9.7140,23.9680,2.4021,3.2434,0.9583
NM_138447,ZNF689,16,30614699,1503,9.37E-06,2.34E-05,12,22,22.7191,57.6053,1.7332,3.2432,0.6181
NM_015569,DNM3,1,171810620,2592,1.07E-05,2.57E-05,28,26,25.9592,63.3286,-0.3087,3.2429,0.5894
NM_003757,EIF3I,1,32687970,978,4.62E-06,1.06E-05,12,2,10.9010,25.8273,-0.2565,3.2413,0.9226
NM_001093725,MEX3A,1,156041803,1563,9.04E-06,1.80E-05,13,13,21.8949,44.1390,1.4651,3.2403,0.7055
NM_002577,PAK2,3,196466727,1575,5.71E-06,1.41E-05,11,7,13.6081,34.5381,0.5449,3.2395,0.7973
NM_001201338,SAFB,19,5623045,2754,1.63E-05,3.72E-05,34,47,39.9315,91.9138,0.7234,3.2388,0.4887
NM_016423,ZNF219,14,21558204,2169,9.57E-06,2.04E-05,12,17,23.2148,50.1878,1.7939,3.2387,0.6613
NM_006078,CACNG2,22,36956915,972,5.97E-06,1.28E-05,11,5,14.2646,31.1365,0.6662,3.2382,0.8394
NM_019893,ASAH2,10,51946999,2343,7.91E-06,1.98E-05,6,16,19.0924,48.6726,2.3093,3.2377,0.6713
NM_021044,DHH,12,49483205,1191,7.89E-06,1.61E-05,15,10,19.0298,39.3716,0.7120,3.2361,0.7460
NM_001967,EIF4A2,3,186501360,1224,4.20E-06,1.13E-05,14,3,9.8702,27.5838,-1.0131,3.2360,0.8912
NM_017495,RBM38,20,55966453,720,5.69E-06,9.05E-06,4,0,13.5620,21.9066,2.0011,3.2358,1.0000
NM_001243952,KIF2A,5,61601988,2061,5.43E-06,1.67E-05,9,11,12.9207,40.9495,0.8406,3.2356,0.7314
NM_005378,MYCN,2,16080682,1395,9.49E-06,1.73E-05,10,12,23.0013,42.4921,2.0893,3.2339,0.7176
NM_175736,FMNL3,12,50031723,3084,1.34E-05,3.40E-05,32,41,32.7261,83.8275,0.0978,3.2338,0.5109
NM_001198773,PI4KB,1,151264272,2406,1.04E-05,2.51E-05,22,25,25.2244,61.7408,0.4948,3.2326,0.5951
NM_002341,LTB,6,31548335,735,6.14E-06,9.81E-06,3,1,14.6891,23.8142,2.3506,3.2320,0.9580
NM_145296,CADM4,19,44126521,1167,8.02E-06,1.67E-05,9,11,19.3558,40.8910,1.8141,3.2316,0.7310
NM_001160133,KCNQ5,6,73331570,2856,1.07E-05,2.62E-05,31,27,25.9541,64.5527,-0.7634,3.2313,0.5817
NM_005654,NR2F1,5,92919042,1272,9.23E-06,1.67E-05,13,11,22.3695,40.8780,1.5268,3.2307,0.7309
NM_003107,SOX4,6,21593971,1425,1.07E-05,1.54E-05,14,9,25.9054,37.6842,1.8028,3.2304,0.7612
NM_000859,HMGCR,5,74632992,2667,8.25E-06,2.45E-05,16,24,19.9372,60.2545,0.6796,3.2289,0.6017
NM_005163,AKT1,14,105235686,1443,9.12E-06,1.98E-05,30,16,22.0949,48.5351,-1.2961,3.2286,0.6703
NM_003716,CADPS,3,62384020,4062,1.69E-05,3.92E-05,45,51,41.3590,96.8559,-0.4363,3.2212,0.4734
NM_001163,APBA1,9,72042448,2514,1.98E-05,3.55E-05,31,44,48.6406,87.6055,1.9494,3.2208,0.4977
NM_024509,LRFN3,19,36428021,1887,1.54E-05,3.00E-05,34,34,37.6294,74.1004,0.4560,3.2205,0.5412
NM_017553,INO80,15,41271078,4671,1.64E-05,4.49E-05,51,62,40.2675,111.0778,-1.3035,3.2193,0.4418
NM_002807,PSMD1,2,231921577,2862,9.88E-06,2.44E-05,18,24,23.9780,60.0961,0.9409,3.2190,0.6006
NM_004247,EFTUD2,17,42927654,2919,1.27E-05,2.95E-05,36,33,30.9975,72.7004,-0.6925,3.2190,0.5461
NM_024671,ZNF768,16,30535321,1623,9.13E-06,2.15E-05,20,19,22.1137,52.8434,0.3464,3.2186,0.6404
NM_001172646,PLCB4,20,9049700,3564,1.27E-05,3.11E-05,38,36,31.1086,76.7879,-0.9523,3.2179,0.5312
NM_173791,PDZD8,10,119042605,3465,1.65E-05,3.65E-05,25,46,40.5203,90.1992,1.8791,3.2174,0.4900
NM_017552,ATAD2B,2,23971533,4377,1.17E-05,3.44E-05,21,42,28.4086,84.8327,1.0713,3.2150,0.5049
NM_014779,TSC22D2,3,150126787,2343,1.69E-05,2.78E-05,19,30,41.4253,68.4788,2.6853,3.2146,0.5619
NM_001045480,PRAMEF16,1,13495253,1425,5.11E-06,1.19E-05,1,4,12.1342,29.0606,2.4634,3.2139,0.8624
NM_020196,XAB2,19,7684410,2568,1.82E-05,4.02E-05,42,53,44.7429,99.2853,0.3160,3.2114,0.4662
NM_173200,NR4A3,9,102584136,1914,8.91E-06,1.72E-05,8,12,21.5560,42.1477,2.2503,3.2104,0.7153
NM_003575,ZNF282,7,148892576,2016,1.03E-05,2.20E-05,20,20,24.9701,54.1816,0.7666,3.2104,0.6309
NM_012448,STAT5B,17,40351194,2364,1.21E-05,2.61E-05,17,27,29.3988,64.2004,1.7624,3.2097,0.5794
NM_182958,KAT8,16,31128984,1404,5.59E-06,1.26E-05,9,5,13.3297,30.7209,0.9140,3.2082,0.8372
NM_006328,RBM14,11,66384052,2010,1.45E-05,2.88E-05,27,32,35.4231,71.0965,1.0907,3.2056,0.5499
NM_022047,DEF6,6,35265594,1896,8.17E-06,2.08E-05,10,18,19.7207,51.1493,1.6870,3.2044,0.6481
NM_016222,DDX41,5,176938577,1869,1.10E-05,2.49E-05,25,25,26.6698,61.2784,0.2492,3.2039,0.5920
NM_138501,TECR,19,14640378,927,5.71E-06,1.19E-05,10,4,13.6057,28.8807,0.7534,3.2007,0.8615
NM_031909,C1QTNF4,11,47611215,990,7.98E-06,1.32E-05,7,6,19.2630,32.3165,2.1534,3.2004,0.8143
NM_001012974,LRRC73,6,43474706,951,5.29E-06,1.18E-05,10,4,12.5621,28.8734,0.5571,3.2002,0.8615
NM_016252,BIRC6,2,32582095,14574,4.43E-05,1.13E-04,117,203,109.5609,280.5240,-0.5477,3.1999,0.2764
NM_032772,ZNF503,10,77157602,1941,1.87E-05,2.66E-05,22,28,45.7739,65.4401,2.7082,3.1997,0.5721
NM_001220473,PPFIA2,12,81652044,3744,1.14E-05,3.16E-05,28,37,27.7092,77.8298,-0.0426,3.1996,0.5246
NM_001080469,FBXO46,19,46213886,1812,1.36E-05,2.71E-05,22,29,33.3378,66.8300,1.5134,3.1992,0.5661
NM_001260,CDK8,13,26828755,1395,4.92E-06,1.25E-05,13,5,11.6590,30.5887,-0.3027,3.1986,0.8365
NM_001619,ADRBK1,11,67033904,2070,1.24E-05,2.66E-05,31,28,30.2286,65.4162,-0.1081,3.1982,0.5720
NM_004938,DAPK1,9,90112755,4293,2.48E-05,4.99E-05,48,72,61.0240,123.3853,1.2849,3.1981,0.4165
NM_018364,RSBN1,1,114304453,2409,1.16E-05,2.71E-05,20,29,28.2064,66.8033,1.1909,3.1976,0.5659
NM_002184,IL6ST,5,55230924,2757,8.62E-06,2.20E-05,12,20,20.8418,53.9734,1.4927,3.1970,0.6294
NM_001113511,ARHGEF7,13,111767623,2412,1.28E-05,2.65E-05,30,28,31.2297,65.3732,0.1696,3.1956,0.5717
NM_022455,NSD1,5,176560832,8091,2.75E-05,7.21E-05,65,117,67.8716,178.6820,0.2686,3.1901,0.3452
NM_005428,VAV1,19,6772678,2538,1.11E-05,2.65E-05,29,28,26.8939,65.2518,-0.3130,3.1882,0.5709
NM_001024809,RARA,17,38498270,1374,7.63E-06,1.64E-05,22,11,18.3993,40.2342,-0.6470,3.1863,0.7266
NM_001419,ELAVL1,19,8023456,981,6.79E-06,1.31E-05,12,6,16.2878,32.0770,0.8188,3.1831,0.8129
NM_001256599,TRIM46,1,155146262,2211,1.17E-05,2.81E-05,30,31,28.5505,69.3260,-0.2091,3.1822,0.5528
NM_002409,MGAT3,22,39853324,1602,1.35E-05,2.53E-05,24,26,33.0016,62.3443,1.2077,3.1822,0.5830
NM_001079,ZAP70,2,98330030,1860,1.31E-05,2.53E-05,27,26,32.0947,62.3178,0.6931,3.1806,0.5828
NM_003131,SRF,6,43138919,1527,7.28E-06,1.38E-05,15,7,17.5271,33.7017,0.4652,3.1798,0.7923
NM_004036,ADCY3,2,25042038,3435,2.03E-05,4.31E-05,40,59,49.9754,106.4526,1.0875,3.1796,0.4458
NM_001257293,HNRNPH1,5,179041178,1350,5.72E-06,1.31E-05,10,6,13.6533,32.0038,0.7620,3.1778,0.8125
NM_183387,EML5,14,89081173,5934,1.75E-05,4.77E-05,46,68,43.0098,117.9077,-0.3514,3.1775,0.4233
NM_000265,NCF1,7,74188308,1173,8.85E-06,1.76E-05,10,13,21.4099,43.1978,1.9005,3.1764,0.6991
NM_021072,HCN1,5,45255051,2673,1.19E-05,2.58E-05,15,27,29.0316,63.6246,2.0071,3.1743,0.5756
NM_019045,WDR44,X,117480035,2742,9.38E-06,2.29E-05,16,14,17.6653,44.6956,0.3054,3.1742,0.6868
NM_003753,EIF3D,22,36906896,1647,6.97E-06,1.88E-05,11,15,16.7563,46.1893,1.0838,3.1727,0.6752
NM_001080458,EVX2,2,176944834,1431,1.05E-05,1.76E-05,11,13,25.4485,43.1184,2.2074,3.1710,0.6985
NM_000505,F12,5,176829138,1848,1.45E-05,2.69E-05,16,29,35.5750,66.3566,2.5294,3.1704,0.5630
NM_005095,ZMYM4,1,35734567,4647,1.42E-05,3.83E-05,30,50,34.7066,94.6007,0.6157,3.1702,0.4715
NM_001206998,ZNRF3,22,29279754,2811,1.54E-05,3.19E-05,20,38,37.7166,78.6109,2.2233,3.1666,0.5166
NM_002953,RPS6KA1,1,26856248,2208,1.05E-05,2.41E-05,33,24,25.5224,59.2078,-1.1408,3.1633,0.5946
NM_001193495,ADAR,1,154554533,2796,1.15E-05,2.86E-05,31,32,28.0037,70.3836,-0.4364,3.1630,0.5453
NM_078471,MYO18A,17,27400527,6165,2.94E-05,7.24E-05,61,118,72.4628,179.2378,1.0378,3.1622,0.3417
NM_000368,TSC1,9,135766734,3495,1.47E-05,3.40E-05,42,42,35.9015,83.8894,-0.7844,3.1618,0.4993
NM_001080424,KDM6B,17,7743234,5049,2.56E-05,5.71E-05,66,87,63.1568,141.3779,-0.2757,3.1617,0.3846
NM_022055,KCNK12,2,47747914,1293,4.65E-06,9.43E-06,8,1,10.9700,22.8705,0.6911,3.1616,0.9563
NM_022768,RBM15,1,110881944,2934,1.46E-05,3.98E-05,29,53,35.6005,98.3361,0.8526,3.1607,0.4610
NM_198441,PRR20A,13,57715051,666,4.30E-06,8.64E-06,0,0,10.1074,20.9011,2.4502,3.1606,1.0000
NM_001130407,PRR20E,13,57715051,666,4.30E-06,8.64E-06,0,0,10.1074,20.9011,2.4502,3.1606,1.0000
NM_022467,CHST8,19,34175433,1275,9.19E-06,2.17E-05,10,20,22.2589,53.3802,2.0026,3.1586,0.6253
NM_015247,CYLD,16,50775960,2871,1.01E-05,2.40E-05,24,24,24.5529,59.1224,0.0860,3.1579,0.5941
NM_000095,COMP,19,18893582,2274,1.85E-05,3.23E-05,19,39,45.2932,79.7868,3.0110,3.1568,0.5112
NM_174911,FAM84B,8,127564682,933,1.02E-05,1.75E-05,8,13,24.7976,42.9079,2.5998,3.1565,0.6970
NM_145185,MAP2K7,19,7968764,1260,8.03E-06,1.62E-05,21,11,19.3877,39.7739,-0.2822,3.1542,0.7234
NM_014423,AFF4,5,132211070,3492,1.19E-05,3.12E-05,21,37,28.9153,77.0428,1.1345,3.1539,0.5197
NM_001130004,ACTN1,14,69340839,2745,1.48E-05,3.34E-05,38,41,36.2926,82.4032,-0.2184,3.1532,0.5024
NM_025081,NYNRIN,14,24867991,5697,2.53E-05,5.50E-05,61,83,62.3404,136.2036,0.1308,3.1516,0.3906
NM_198956,SP8,7,20821893,1473,8.74E-06,1.36E-05,9,7,21.1337,33.2484,2.0342,3.1471,0.7895
NM_001017970,TMEM30B,14,61744088,1056,8.97E-06,1.49E-05,5,9,21.7100,36.5006,2.7640,3.1469,0.7534
NM_015267,CUX2,12,111471827,4461,2.57E-05,5.05E-05,49,74,63.3960,124.8208,1.3935,3.1448,0.4072
NM_001242797,ZNF322,6,26634610,1209,3.94E-06,1.01E-05,4,2,9.2068,24.5130,1.3225,3.1436,0.9184
NM_006946,SPTBN2,11,66452719,7173,4.23E-05,9.70E-05,103,170,104.4442,240.5004,0.1089,3.1428,0.2931
NM_001416,EIF4A1,17,7476023,1221,5.41E-06,1.36E-05,13,7,12.8585,33.1740,-0.0304,3.1417,0.7890
NM_001536,PRMT1,19,50180408,1116,7.86E-06,1.49E-05,21,9,18.9485,36.4127,-0.3632,3.1406,0.7528
NM_005430,WNT1,12,49372235,1113,7.12E-06,1.55E-05,4,10,17.1276,38.0034,2.4447,3.1404,0.7369
NM_004186,SEMA3F,3,50192847,2358,1.51E-05,3.38E-05,29,42,36.9464,83.5109,1.0076,3.1404,0.4971
NM_014712,SETD1A,16,30968614,5124,2.94E-05,6.39E-05,77,101,72.5141,158.1180,-0.4060,3.1403,0.3612
NM_001105540,DGKZ,11,46383144,3354,1.71E-05,3.60E-05,31,46,41.8721,88.8043,1.2949,3.1402,0.4820
NM_001025077,CELF2,10,11047258,1527,7.88E-06,1.62E-05,17,11,19.0164,39.5726,0.3564,3.1401,0.7220
NM_003292,TPR,1,186280785,7092,2.05E-05,6.04E-05,53,94,50.3672,149.5316,-0.2859,3.1395,0.3714
NM_020039,ASIC1,12,50451419,1725,9.69E-06,1.98E-05,18,17,23.4974,48.6784,0.8741,3.1390,0.6508
NM_133639,RHOV,15,41164411,711,4.47E-06,9.31E-06,5,1,10.5280,22.5617,1.3131,3.1382,0.9557
NM_015030,FRYL,4,48499379,9042,3.01E-05,7.65E-05,65,127,74.2137,189.4799,0.8243,3.1380,0.3297
NM_005811,GDF11,12,56137063,1224,6.93E-06,1.49E-05,10,9,16.6366,36.3741,1.2540,3.1379,0.7526
NM_000842,GRM5,11,88237743,3543,1.48E-05,3.22E-05,26,39,36.1175,79.4379,1.2975,3.1366,0.5091
NM_005477,HCN4,15,73612199,3612,1.87E-05,3.70E-05,46,48,45.8588,91.3393,-0.0161,3.1350,0.4745
NM_000683,ADRA2C,4,3768295,1389,8.07E-06,1.55E-05,11,10,19.4834,37.9259,1.4812,3.1349,0.7363
NM_001903,CTNNA1,5,138089106,2721,1.11E-05,2.78E-05,34,31,27.0914,68.5381,-1.0230,3.1347,0.5477
NM_000681,ADRA2A,10,112836789,1398,1.15E-05,2.04E-05,7,18,27.9603,50.0872,3.0550,3.1344,0.6406
NM_001193333,CORO1A,16,30194730,1386,7.68E-06,1.80E-05,23,14,18.5092,44.0916,-0.8045,3.1330,0.6825
NM_017719,SNRK,3,43328003,2298,9.49E-06,2.33E-05,25,23,23.0102,57.2637,-0.3197,3.1303,0.5983
NM_003857,GALR2,17,74070891,1164,1.08E-05,1.98E-05,9,17,26.2640,48.5478,2.5963,3.1302,0.6498
NM_001005464,HIST2H3A,1,149812258,411,3.67E-06,8.48E-06,0,0,8.5534,20.5004,2.2540,3.1302,1.0000
NM_021059,HIST2H3C,1,149812258,411,3.67E-06,8.48E-06,0,0,8.5534,20.5004,2.2540,3.1302,1.0000
NM_015695,BRPF3,6,36164549,3618,1.46E-05,3.91E-05,39,52,35.6268,96.4684,-0.4356,3.1300,0.4610
NM_001085454,GIT1,17,27900486,2313,1.30E-05,2.83E-05,35,32,31.6817,69.8339,-0.4544,3.1299,0.5418
NM_003069,SMARCA1,X,128580477,3165,1.07E-05,3.06E-05,19,25,20.2311,60.0725,0.2109,3.1284,0.5838
NM_170707,LMNA,1,156084460,1995,1.05E-05,2.67E-05,20,29,25.4848,65.6650,0.8374,3.1280,0.5584
NM_020226,PRDM8,4,81106423,2070,8.85E-06,1.61E-05,16,11,21.4238,39.3791,0.9031,3.1265,0.7207
NM_173872,CLCN3,4,170541671,2601,9.25E-06,2.27E-05,19,22,22.4209,55.7660,0.5568,3.1260,0.6055
NM_001005850,ZNF835,19,57174019,1614,1.48E-05,2.77E-05,21,31,36.1276,68.3806,1.9397,3.1251,0.5467
NM_003478,CUL5,11,107879407,2343,7.34E-06,1.91E-05,20,16,17.6741,46.9818,-0.4264,3.1249,0.6594
NM_001690,ATP6V1A,3,113465865,1854,5.95E-06,1.73E-05,14,13,14.2173,42.4486,0.0444,3.1248,0.6937
NM_001242673,AHCYL1,1,110527386,1452,5.72E-06,1.48E-05,15,9,13.6387,36.1901,-0.2841,3.1247,0.7513
NM_006805,HNRNPA0,5,137087072,918,6.71E-06,1.21E-05,9,5,16.1025,29.5601,1.3641,3.1230,0.8309
NM_004798,KIF3B,20,30865453,2244,8.61E-06,2.26E-05,19,22,20.8290,55.6970,0.3089,3.1215,0.6050
NM_019852,METTL3,14,21966281,1743,6.20E-06,1.73E-05,16,13,14.8316,42.3972,-0.2338,3.1212,0.6934
NM_001018067,SERBP1,1,67873492,1227,6.27E-06,1.60E-05,12,11,15.0079,39.3022,0.5984,3.1210,0.7201
NM_133369,UNC5A,5,176237559,2529,1.45E-05,3.10E-05,40,37,35.5494,76.4672,-0.5753,3.1202,0.5161
NM_024529,CDC73,1,193091087,1596,5.58E-06,1.54E-05,15,10,13.2956,37.7063,-0.3602,3.1193,0.7348
NM_003722,TP63,3,189349215,2043,9.54E-06,2.32E-05,27,23,23.1325,57.0695,-0.6197,3.1178,0.5970
NM_178518,TMEM102,17,7338761,1527,1.11E-05,1.91E-05,8,16,27.0233,46.8769,2.8204,3.1178,0.6587
NM_015023,WDTC1,1,27561006,2031,1.01E-05,2.43E-05,29,25,24.5696,59.8786,-0.6889,3.1161,0.5825
NM_001142353,PPP3CB,10,75196562,1578,5.50E-06,1.34E-05,7,7,13.1058,32.8137,1.2999,3.1154,0.7867
NM_014641,MDC1,6,30667583,6270,2.13E-05,5.32E-05,35,80,52.3984,131.7157,1.8524,3.1152,0.3926
NM_001710,CFB,6,31913720,2295,9.71E-06,2.32E-05,11,23,23.5674,57.0267,1.9952,3.1151,0.5967
NM_052898,XKR4,8,56015016,1953,1.29E-05,2.43E-05,19,25,31.3682,59.8531,1.7020,3.1145,0.5823
NM_152293,TADA2B,4,7045155,1263,8.87E-06,1.79E-05,7,14,21.4732,43.8193,2.4072,3.1143,0.6805
NM_014990,RALGAPA1,14,36007557,6111,1.87E-05,4.97E-05,41,73,45.9703,122.9328,0.5650,3.1134,0.4062
NM_001002295,GATA3,10,8096666,1335,9.94E-06,1.60E-05,22,11,24.1300,39.1790,0.3342,3.1123,0.7192
NM_002334,LRP4,11,46878267,5718,2.64E-05,6.65E-05,75,107,64.9321,164.7109,-0.9629,3.1087,0.3504
NM_004730,ETF1,5,137841781,1314,5.17E-06,1.20E-05,18,5,12.2721,29.3685,-1.2602,3.1087,0.8297
NM_014941,MORC2,22,31322599,2913,1.24E-05,3.31E-05,35,41,30.2868,81.6115,-0.6601,3.1079,0.4976
NM_001099854,PRAMEF14,1,13447413,1281,4.86E-06,1.20E-05,0,5,11.5150,29.3528,2.6153,3.1075,0.8297
NM_012204,GTF3C4,9,135545727,2469,1.01E-05,2.31E-05,19,23,24.5323,56.9053,0.8609,3.1073,0.5958
NM_015086,DDN,12,49388932,2136,1.32E-05,2.76E-05,14,31,32.1986,68.0728,2.4718,3.1064,0.5446
NM_001007471,TRPM3,9,73149965,5124,2.23E-05,5.32E-05,42,80,54.8789,131.5209,1.3399,3.1058,0.3917
NM_032415,CARD11,7,2945709,3465,2.11E-05,4.45E-05,53,63,51.8152,110.1297,-0.1269,3.1048,0.4279
NM_144653,NACC2,9,138898382,1764,1.06E-05,1.90E-05,17,16,25.8770,46.6815,1.3449,3.1045,0.6573
NM_001001413,GOLGA6L1,15,22736245,2007,3.61E-06,8.34E-06,0,0,8.3918,20.1616,2.2326,3.1042,1.0000
NM_005778,RBM5,3,50126340,2448,1.02E-05,2.48E-05,28,26,24.8002,61.0938,-0.4952,3.1040,0.5744
NM_144571,CNOT6L,4,78634540,1668,6.07E-06,1.47E-05,14,9,14.4987,35.8866,0.1010,3.1028,0.7492
NM_006985,NPIP,16,15031299,1053,4.15E-06,1.13E-05,1,4,9.7489,27.5480,2.1596,3.1017,0.8548
NM_006539,CACNG3,16,24266873,948,5.21E-06,1.13E-05,9,4,12.3800,27.5290,0.7404,3.1003,0.8547
NM_054016,SRSF10,1,24295572,789,2.36E-06,8.32E-06,0,0,5.2862,20.1102,1.7720,3.1003,1.0000
NM_012471,TRPC5,X,111017541,2922,1.02E-05,2.68E-05,32,20,19.3902,52.4879,-2.2070,3.1001,0.6190
NM_000435,NOTCH3,19,15270443,6966,3.35E-05,7.27E-05,66,120,82.6216,180.0861,1.4093,3.0954,0.3337
NM_012316,KPNA6,1,32573643,1611,6.05E-06,1.53E-05,15,10,14.4707,37.3654,-0.1072,3.0950,0.7324
NM_001097616,GPR89C,1,147425566,963,2.79E-06,8.30E-06,0,0,6.3568,20.0410,1.9432,3.0949,1.0000
NM_024836,ZNF672,1,249132529,1359,9.17E-06,2.01E-05,12,18,22.2193,49.4864,1.6709,3.0943,0.6363
NM_001005287,OR2A1,7,143929003,933,4.47E-06,9.07E-06,1,1,10.5463,21.9689,2.2656,3.0929,0.9545
