"","Burden.OR","Burden.pvalue","MIRAGE.risk.prop","MIRAGE.pvalue","cate.index","No.var.case","No.var.control","combine.feature"
"1",1.02347417840376,0.0147921193607362,0.0333988783898155,8.73751663852799e-07,"Damaging; AF<0.1%",17876,17466,"Consensus_Haploinsuff_MAF<1e-4_AllExon_cate_5"
"2",1.02347417840376,0.0147921193607362,0.033781221709152,8.75126163179108e-07,"Damaging; AF<0.1%",17876,17466,"Damaging_Haploinsuff_MAF<1e-4_AllExon_cate_5"
"3",1.65137614678899,1.75934708689946e-05,0.39414707742484,1.11523315667143e-06,"LoF; AF<1%",180,109,"LoF_FMRP_MAF<1e-4_ExonTop60%_cate_2"
"4",1.01476737415974,0.0770937795325374,0.0254238578509241,1.1507957975616e-06,"Damaging; AF<0.1%",19172,18893,"Consensus_SCZ gene_MAF<1e-2_AllExon_cate_5"
"5",1.01476737415974,0.0770937795325374,0.0256512428526177,1.15192238365425e-06,"Damaging; AF<0.1%",19172,18893,"Consensus_SCZ gene_MAF<1e-3_AllExon_cate_5"
"6",1.01476737415974,0.0770937795325374,0.0256860571873803,1.15224642023615e-06,"Damaging; AF<0.1%",19172,18893,"Damaging_SCZ gene_MAF<1e-2_AllExon_cate_5"
"7",1.01476737415974,0.0770937795325374,0.0256864354071359,1.15225016155372e-06,"Damaging; AF<0.1%",19172,18893,"Damaging_SCZ gene_MAF<1e-3_AllExon_cate_5"
"8",1.59375,1.79073888203579e-05,0.366915593928007,1.62548984380361e-06,"LoF; AF<1%",204,128,"LoF_FMRP_MAF<1e-4_ExonTop50%_cate_2"
"9",1.58620689655172,5.14759705747677e-05,0.365291905402873,4.53563993659746e-06,"LoF; AF<1%",184,116,"LoF_FMRP_MAF<1e-3_ExonTop60%_cate_2"
"10",1.57264957264957,6.71009062841027e-05,0.359564795042765,6.14483434265257e-06,"LoF; AF<1%",184,117,"LoF_FMRP_MAF<1e-2_ExonTop60%_cate_2"
"11",1.5,8.72077478567484e-05,0.333412173498576,9.02776917229813e-06,"LoF; AF<1%",216,144,"LoF_FMRP_MAF<1e-3_ExonTop50%_cate_2"
"12",1.48965517241379,0.000109921209434479,0.328316032729971,1.18739889501028e-05,"LoF; AF<1%",216,145,"LoF_FMRP_MAF<1e-2_ExonTop50%_cate_2"
"13",1.60869565217391,0.000182055253591601,0.380935482819634,2.01610081540003e-05,"LoF; AF<1%",148,92,"LoF_FMRP_MAF<1e-4_ExonTop70%_cate_2"
"14",1.66666666666667,0.000249713243208876,0.405572062422566,3.24565498967856e-05,"LoF; AF<1%",125,75,"LoF_FMRP_MAF<1e-3_ExonTop80%_cate_2"
"15",1.66666666666667,0.000249713243208876,0.405454305413432,3.24565506930351e-05,"LoF; AF<1%",125,75,"LoF_FMRP_MAF<1e-2_ExonTop80%_cate_2"
"16",1.66216216216216,0.000295544818381923,0.406100665915825,3.33839168059986e-05,"LoF; AF<1%",123,74,"LoF_FMRP_MAF<1e-4_ExonTop80%_cate_2"
"17",1.390625,0.000269143109224893,0.271692002436553,3.42025426730802e-05,"LoF; AF<1%",267,192,"LoF_FMRP_MAF<1e-4_AllExon_cate_2"
"18",1.06081808396125,0.00506599624307201,0.0584492671785344,3.69408313653191e-05,"Damaging; AF<0.1%",3942,3716,"CADDtop10%_Haploinsuff_MAF<1e-4_AllExon_cate_5"
"19",1.55670103092784,0.000365903251094596,0.356533672705789,5.38547515565187e-05,"LoF; AF<1%",151,97,"LoF_FMRP_MAF<1e-3_ExonTop70%_cate_2"
"20",1.54081632653061,0.00047249319859886,0.349436243445384,7.25457463362872e-05,"LoF; AF<1%",151,98,"LoF_FMRP_MAF<1e-2_ExonTop70%_cate_2"
"21",1.02977801840823,0.0226796757010739,0.0371270514115906,9.91123738511606e-05,"Damaging; AF<0.1%",9510,9235,"Consensus_Haploinsuff_MAF<1e-4_ExonTop60%_cate_5"
"22",1.02977801840823,0.0226796757010739,0.0374880015225576,9.91847054008589e-05,"Damaging; AF<0.1%",9510,9235,"Damaging_Haploinsuff_MAF<1e-4_ExonTop60%_cate_5"
"23",1.07925961082107,0.00606709893000842,0.0742486781239804,0.000107738842794309,"Damaging; AF<0.1%",2274,2107,"Consensus_RVIS_MAF<1e-4_ExonTop90%_cate_5"
"24",1.07925961082107,0.00606709893000842,0.0744406318374465,0.000107744105482397,"Damaging; AF<0.1%",2274,2107,"Damaging_RVIS_MAF<1e-4_ExonTop90%_cate_5"
"25",1.01856489076936,0.0808083905999033,0.0321832447062759,0.000121783244674686,"Damaging; AF<0.1%",11796,11581,"Consensus_SCZ gene_MAF<1e-4_AllExon_cate_5"
"26",1.01856489076936,0.0808083905999033,0.0324731172041191,0.000121917541357559,"Damaging; AF<0.1%",11796,11581,"Damaging_SCZ gene_MAF<1e-4_AllExon_cate_5"
"27",1.04056902002107,0.0164294135521397,0.0456593839817121,0.000129054637762375,"Damaging; AF<0.1%",5925,5694,"Consensus_RVIS_MAF<1e-4_ExonTop60%_cate_5"
"28",1.04056902002107,0.0164294135521397,0.0459546264876889,0.000129094476663804,"Damaging; AF<0.1%",5925,5694,"Damaging_RVIS_MAF<1e-4_ExonTop60%_cate_5"
"29",1.04517493271819,0.0116428920382755,0.0478457188533979,0.000152668009116694,"Damaging; AF<0.1%",5437,5202,"Consensus_Haploinsuff_MAF<1e-4_ExonTop80%_cate_5"
"30",1.04517493271819,0.0116428920382755,0.0481410029548713,0.000152710403886324,"Damaging; AF<0.1%",5437,5202,"Damaging_Haploinsuff_MAF<1e-4_ExonTop80%_cate_5"
"31",1.02446399120396,0.036764996270651,0.0331777839139559,0.000154925810109798,"Damaging; AF<0.1%",11181,10914,"Consensus_Haploinsuff_MAF<1e-4_ExonTop50%_cate_5"
"32",1.02446399120396,0.036764996270651,0.0335753421152381,0.000155089764750975,"Damaging; AF<0.1%",11181,10914,"Damaging_Haploinsuff_MAF<1e-4_ExonTop50%_cate_5"
"33",1.05313199105145,0.0136976621584586,0.0565808754733853,0.000164217171446426,"Damaging; AF<0.1%",3766,3576,"Consensus_RVIS_MAF<1e-4_ExonTop80%_cate_5"
"34",1.05313199105145,0.0136976621584586,0.0568315151859359,0.000164240048700664,"Damaging; AF<0.1%",3766,3576,"Damaging_RVIS_MAF<1e-4_ExonTop80%_cate_5"
"35",1.7,0.00163983934524422,0.439799437420059,0.00022160549121787,"LoF; AF<1%",85,50,"LoF_FMRP_MAF<1e-2_ExonTop90%_cate_2"
"36",1.7,0.00163983934524422,0.439907146451383,0.000221605491299091,"LoF; AF<1%",85,50,"LoF_FMRP_MAF<1e-3_ExonTop90%_cate_2"
"37",1.02182929491377,0.0718519067175358,0.0347079613139104,0.00024186883765178,"Damaging; AF<0.1%",9362,9162,"Consensus_RVIS_MAF<1e-4_AllExon_cate_5"
"38",1.02182929491377,0.0718519067175358,0.0350846459947659,0.00024206818716996,"Damaging; AF<0.1%",9362,9162,"Damaging_RVIS_MAF<1e-4_AllExon_cate_5"
"39",1.31877729257642,0.000877432272707681,0.234560170874355,0.000251473623256551,"LoF; AF<1%",302,229,"LoF_FMRP_MAF<1e-3_AllExon_cate_2"
"40",1.03323076923077,0.0307258632483361,0.0407405268727164,0.000279879551576318,"Damaging; AF<0.1%",6716,6500,"Consensus_RVIS_MAF<1e-4_ExonTop50%_cate_5"
"41",1.03323076923077,0.0307258632483361,0.0410728518587617,0.000280004842138903,"Damaging; AF<0.1%",6716,6500,"Damaging_RVIS_MAF<1e-4_ExonTop50%_cate_5"
"42",1.68,0.00209376691726621,0.432594687941317,0.000294033420672847,"LoF; AF<1%",84,50,"LoF_FMRP_MAF<1e-4_ExonTop90%_cate_2"
"43",1.36231884057971,0.00040077376488003,0.240991657923084,0.000323566833613183,"LoF; AF<1%",282,207,"Consensus_RVIS_MAF<1e-3_AllExon_cate_2"
"44",1.29268292682927,0.00138049953338556,0.228047224139877,0.000342382030674135,"LoF; AF<1%",318,246,"LoF_FMRP_MAF<1e-2_AllExon_cate_2"
"45",1.04333970681963,0.0192271392697704,0.0472381755049695,0.000347656042654806,"Damaging; AF<0.1%",4911,4707,"Consensus_RVIS_MAF<1e-4_ExonTop70%_cate_5"
"46",1.04333970681963,0.0192271392697704,0.0475283194361948,0.000347741252263589,"Damaging; AF<0.1%",4911,4707,"Damaging_RVIS_MAF<1e-4_ExonTop70%_cate_5"
"47",1.57142857142857,0.00108187169306229,0.362215670870477,0.000370483407417974,"LoF; AF<1%",121,77,"Consensus_FMRP_MAF<1e-4_AllExon_cate_2"
"48",1.30196078431373,0.000842389238356941,0.206458783068968,0.000397135397976454,"LoF; AF<1%",332,255,"LoF_Haploinsuff_MAF<1e-4_ExonTop70%_cate_2"
"49",1.6,0.00114118208963834,0.374336346004438,0.000429566224816874,"LoF; AF<1%",112,70,"LoF_Haploinsuff_MAF<1e-4_ExonTop90%_cate_2"
"50",1.39759036144578,0.000547748256001691,0.253214458643477,0.000445980994038169,"LoF; AF<1%",232,166,"Consensus_RVIS_MAF<1e-4_AllExon_cate_2"
"51",1.35265700483092,0.000541439884519414,0.235407000277947,0.000449303235196224,"LoF; AF<1%",280,207,"CADDtop10%_RVIS_MAF<1e-3_AllExon_cate_2"
"52",1.03020227209753,0.0365172264537463,0.037807372303068,0.000475564860051189,"Damaging; AF<0.1%",7436,7218,"Consensus_Haploinsuff_MAF<1e-4_ExonTop70%_cate_5"
"53",1.03020227209753,0.0365172264537463,0.0381749171390427,0.00047584837123126,"Damaging; AF<0.1%",7436,7218,"Damaging_Haploinsuff_MAF<1e-4_ExonTop70%_cate_5"
"54",1.04506329113924,0.00783385734495041,0.0352255800526159,0.000494777554909463,"Damaging; AF<0.1%",6192,5925,"CADDtop10%_Haploinsuff_MAF<1e-3_AllExon_cate_5"
"55",1.04506329113924,0.00783385734495041,0.0352299811631206,0.000494778483076993,"Damaging; AF<0.1%",6192,5925,"CADDtop10%_Haploinsuff_MAF<1e-2_AllExon_cate_5"
"56",1.04229361529077,0.0194370566618265,0.0688355478724384,0.000548011653508479,"Non-damaging; AF<0.1%",5126,4918,"Consensus_SCZ gene_MAF<1e-3_AllExon_cate_8"
"57",1.04229361529077,0.0194370566618265,0.0691703689332443,0.000548076981532579,"Non-damaging; AF<0.1%",5126,4918,"Consensus_SCZ gene_MAF<1e-2_AllExon_cate_8"
"58",1.32444444444444,0.000808448269469793,0.228502058426873,0.000594622255698351,"LoF; AF<1%",298,225,"Consensus_RVIS_MAF<1e-2_AllExon_cate_2"
"59",1.54545454545455,0.00165086421453014,0.350742508340427,0.000595878242770202,"LoF; AF<1%",119,77,"CADDtop10%_FMRP_MAF<1e-4_AllExon_cate_2"
"60",1.3855421686747,0.000757134117957781,0.246965034982552,0.000629380594120229,"LoF; AF<1%",230,166,"CADDtop10%_RVIS_MAF<1e-4_AllExon_cate_2"
"61",1.63793103448276,0.00173612683312437,0.390370797042794,0.000689970918595784,"LoF; AF<1%",95,58,"Consensus_FMRP_MAF<1e-4_ExonTop50%_cate_2"
"62",1.68,0.00209376691726621,0.405768049853787,0.000753158126714968,"LoF; AF<1%",84,50,"CADDtop10%_FMRP_MAF<1e-4_ExonTop60%_cate_2"
"63",1.68,0.00209376691726621,0.405768049853787,0.000753158126714968,"LoF; AF<1%",84,50,"Consensus_FMRP_MAF<1e-4_ExonTop60%_cate_2"
"64",1.31555555555556,0.00106705448813885,0.222945610358109,0.000814025435907745,"LoF; AF<1%",296,225,"CADDtop10%_RVIS_MAF<1e-2_AllExon_cate_2"
"65",1.61016949152542,0.00231874850335577,0.37793794000701,0.000964889269270892,"LoF; AF<1%",95,59,"Consensus_FMRP_MAF<1e-3_ExonTop50%_cate_2"
"66",1.08705882352941,0.0164769405037634,0.072720443083122,0.000981549009101378,"Damaging; AF<0.1%",1386,1275,"CADDtop10%_PSD_MAF<1e-3_AllExon_cate_5"
"67",1.08705882352941,0.0164769405037634,0.072724165319591,0.000981549030847242,"Damaging; AF<0.1%",1386,1275,"CADDtop10%_PSD_MAF<1e-2_AllExon_cate_5"
"68",1.64705882352941,0.0028414123300083,0.392021827478571,0.00106977232611468,"LoF; AF<1%",84,51,"CADDtop10%_FMRP_MAF<1e-3_ExonTop60%_cate_2"
"69",1.64705882352941,0.0028414123300083,0.39202182747857,0.00106977232611468,"LoF; AF<1%",84,51,"Consensus_FMRP_MAF<1e-3_ExonTop60%_cate_2"
"70",1.05722460658083,0.018015896005888,0.0562053675982963,0.00111038157433472,"Damaging; AF<0.1%",2956,2796,"Consensus_Haploinsuff_MAF<1e-4_ExonTop90%_cate_5"
"71",1.05722460658083,0.018015896005888,0.0564606624658453,0.00111050721619022,"Damaging; AF<0.1%",2956,2796,"Damaging_Haploinsuff_MAF<1e-4_ExonTop90%_cate_5"
"72",2.27777777777778,0.00189685281768581,0.604776605464121,0.00114262011727964,"LoF; AF<1%",41,18,"LoF_High_MAF<1e-4_ExonTop50%_cate_2"
"73",2.27777777777778,0.00189685281768581,0.60477718967731,0.00114262011848628,"LoF; AF<1%",41,18,"LoF_High_MAF<1e-3_ExonTop50%_cate_2"
"74",2.27777777777778,0.00189685281768581,0.604679675527622,0.00114262012091978,"LoF; AF<1%",41,18,"LoF_High_MAF<1e-2_ExonTop50%_cate_2"
"75",1.60344827586207,0.0027412343928803,0.375836821957671,0.00114911192296988,"LoF; AF<1%",93,58,"CADDtop10%_FMRP_MAF<1e-4_ExonTop50%_cate_2"
"76",1.06421691045309,0.00930178553669638,0.0551178540592907,0.00124467701071314,"Damaging; AF<0.1%",2983,2803,"CADDtop10%_Haploinsuff_MAF<1e-4_ExonTop50%_cate_5"
"77",1.07777132907719,0.0131060842498124,0.0718449329726049,0.00128292960354446,"Damaging; AF<0.1%",1857,1723,"Consensus_constraint gene_MAF<1e-4_ExonTop90%_cate_5"
"78",1.07777132907719,0.0131060842498124,0.0720583836644905,0.00128299176795379,"Damaging; AF<0.1%",1857,1723,"Damaging_constraint gene_MAF<1e-4_ExonTop90%_cate_5"
"79",1.45882352941176,0.00420959596793635,0.321800959601118,0.00129631771736935,"LoF; AF<1%",124,85,"Consensus_FMRP_MAF<1e-3_AllExon_cate_2"
"80",1.58333333333333,0.00306644631348607,0.365696080030779,0.00133409043008675,"LoF; AF<1%",95,60,"Consensus_FMRP_MAF<1e-2_ExonTop50%_cate_2"
"81",1.0282472235635,0.102828882041536,0.0354585122264905,0.0014995252834351,"Damaging; AF<0.1%",4259,4142,"CADDtop10%_SCZ gene_MAF<1e-3_AllExon_cate_5"
"82",1.0282472235635,0.102828882041536,0.0354778658321573,0.00149952916030538,"Damaging; AF<0.1%",4259,4142,"CADDtop10%_SCZ gene_MAF<1e-2_AllExon_cate_5"
"83",1.61538461538462,0.00381191358693312,0.378505193317231,0.00150024287567798,"LoF; AF<1%",84,52,"CADDtop10%_FMRP_MAF<1e-2_ExonTop60%_cate_2"
"84",1.61538461538462,0.00381191358693312,0.378505193317231,0.00150024287567798,"LoF; AF<1%",84,52,"Consensus_FMRP_MAF<1e-2_ExonTop60%_cate_2"
"85",1.22535211267606,0.00607502573064246,0.173454895470296,0.00154876529056005,"LoF; AF<1%",348,284,"CADDtop10%_SCZ gene_MAF<1e-4_AllExon_cate_2"
"86",1.57627118644068,0.00361727131086498,0.363361304615072,0.00158629570209234,"LoF; AF<1%",93,59,"CADDtop10%_FMRP_MAF<1e-3_ExonTop50%_cate_2"
"87",2.3125,0.00274317243838008,0.618806172853378,0.00159798251240771,"LoF; AF<1%",37,16,"LoF_High_MAF<1e-4_ExonTop60%_cate_2"
"88",2.3125,0.00274317243838008,0.618906202479948,0.00159798253389132,"LoF; AF<1%",37,16,"LoF_High_MAF<1e-2_ExonTop60%_cate_2"
"89",2.3125,0.00274317243838008,0.618907659426912,0.00159798253830508,"LoF; AF<1%",37,16,"LoF_High_MAF<1e-3_ExonTop60%_cate_2"
"90",1.4390243902439,0.00656517797026579,0.328051650354219,0.00163390087996259,"LoF; AF<1%",118,82,"LoF_Haploinsuff_MAF<1e-3_ExonTop90%_cate_2"
"91",1.21875,0.00705812511051931,0.169306338106267,0.00186323018696083,"LoF; AF<1%",351,288,"Consensus_SCZ gene_MAF<1e-4_AllExon_cate_2"
"92",1.43529411764706,0.00607895792684187,0.310312602413017,0.00199698269215954,"LoF; AF<1%",122,85,"CADDtop10%_FMRP_MAF<1e-3_AllExon_cate_2"
"93",1.0161374284227,0.161523753795727,0.0316952065691116,0.00200792900678804,"Damaging; AF<0.1%",7808,7684,"Consensus_SCZ gene_MAF<1e-4_ExonTop50%_cate_5"
"94",1.0161374284227,0.161523753795727,0.0319914794774026,0.00200950338841221,"Damaging; AF<0.1%",7808,7684,"Damaging_SCZ gene_MAF<1e-4_ExonTop50%_cate_5"
"95",1.00835173937051,0.24087593358293,0.0200486486117404,0.00202596164389494,"Damaging; AF<0.1%",14609,14488,"Consensus_RVIS_MAF<1e-2_AllExon_cate_5"
"96",1.00835173937051,0.24087593358293,0.0200502658746246,0.00202596262513769,"Damaging; AF<0.1%",14609,14488,"Consensus_RVIS_MAF<1e-3_AllExon_cate_5"
"97",1.00835173937051,0.24087593358293,0.0204338786302774,0.00202946350623215,"Damaging; AF<0.1%",14609,14488,"Damaging_RVIS_MAF<1e-3_AllExon_cate_5"
"98",1.00835173937051,0.24087593358293,0.0204369285971044,0.00202951741320226,"Damaging; AF<0.1%",14609,14488,"Damaging_RVIS_MAF<1e-2_AllExon_cate_5"
"99",1.55,0.00472691807364557,0.351084943924522,0.00216535230442563,"LoF; AF<1%",93,60,"CADDtop10%_FMRP_MAF<1e-2_ExonTop50%_cate_2"
"100",1.22222222222222,0.00635155487050883,0.174429135189866,0.00219835759800422,"LoF; AF<1%",352,288,"LoF_Haploinsuff_MAF<1e-3_ExonTop70%_cate_2"
"101",1.4368932038835,0.00268868721045498,0.271232163949409,0.00224720860846723,"LoF; AF<1%",148,103,"Consensus_RVIS_MAF<1e-3_ExonTop60%_cate_2"
"102",1.4368932038835,0.00268868721045498,0.271232163949409,0.00224720860846731,"LoF; AF<1%",148,103,"CADDtop10%_RVIS_MAF<1e-3_ExonTop60%_cate_2"
"103",1.06427688504326,0.014262823333622,0.055929237623302,0.00226498707439953,"Damaging; AF<0.1%",2583,2427,"CADDtop10%_Haploinsuff_MAF<1e-4_ExonTop60%_cate_5"
"104",1.04089219330855,0.0816283753806674,0.0565484618314209,0.00231792035711445,"Damaging; AF<0.1%",2520,2421,"Consensus_constraint gene_MAF<1e-4_ExonTop80%_cate_5"
"105",1.04089219330855,0.0816283753806674,0.0562830868260794,0.00231816796308039,"Damaging; AF<0.1%",2520,2421,"Damaging_constraint gene_MAF<1e-4_ExonTop80%_cate_5"
"106",1.0141772996414,0.138418366952765,0.0223299853475289,0.00239709695411255,"Damaging; AF<0.1%",12161,11991,"Consensus_SCZ gene_MAF<1e-2_ExonTop50%_cate_5"
"107",1.0141772996414,0.138418366952765,0.0223415878941448,0.00239712883079409,"Damaging; AF<0.1%",12161,11991,"Consensus_SCZ gene_MAF<1e-3_ExonTop50%_cate_5"
"108",1.0141772996414,0.138418366952765,0.0226464767049553,0.00240000292367028,"Damaging; AF<0.1%",12161,11991,"Damaging_SCZ gene_MAF<1e-2_ExonTop50%_cate_5"
"109",1.0141772996414,0.138418366952765,0.0226531789082905,0.00240011017002895,"Damaging; AF<0.1%",12161,11991,"Damaging_SCZ gene_MAF<1e-3_ExonTop50%_cate_5"
"110",1.02314571278275,0.16060552247101,0.0448254995210558,0.00240144401373854,"Damaging; AF<0.1%",3890,3802,"Consensus_constraint gene_MAF<1e-4_AllExon_cate_5"
"111",1.02314571278275,0.16060552247101,0.0451143051789932,0.00240199944485271,"Damaging; AF<0.1%",3890,3802,"Damaging_constraint gene_MAF<1e-4_AllExon_cate_5"
"112",1.20215633423181,0.00479263289711687,0.148775095589304,0.00241123736304049,"LoF; AF<1%",446,371,"LoF_Haploinsuff_MAF<1e-4_ExonTop60%_cate_2"
"113",1.28125,0.00562141551287838,0.20368957043914,0.00241871095771207,"LoF; AF<1%",246,192,"LoF_SCZ gene_MAF<1e-4_ExonTop80%_cate_2"
"114",1.36274509803922,0.0101030180913806,0.298633715645363,0.00252898583393178,"LoF; AF<1%",139,102,"Consensus_FMRP_MAF<1e-2_AllExon_cate_2"
"115",1.80645161290323,0.00483660927363494,0.464416862113927,0.00253622790519325,"LoF; AF<1%",56,31,"LoF_High_MAF<1e-4_AllExon_cate_2"
"116",1.06128702757916,0.0107046719480037,0.0496812387682957,0.00257589505537081,"Damaging; AF<0.1%",3117,2937,"Consensus_RVIS_MAF<1e-3_ExonTop90%_cate_5"
"117",1.06128702757916,0.0107046719480037,0.0496832831222505,0.00257589507555205,"Damaging; AF<0.1%",3117,2937,"Consensus_RVIS_MAF<1e-2_ExonTop90%_cate_5"
"118",1.06128702757916,0.0107046719480037,0.0499192245888117,0.00257616164046204,"Damaging; AF<0.1%",3117,2937,"Damaging_RVIS_MAF<1e-2_ExonTop90%_cate_5"
"119",1.06128702757916,0.0107046719480037,0.0499195104447635,0.00257616228111672,"Damaging; AF<0.1%",3117,2937,"Damaging_RVIS_MAF<1e-3_ExonTop90%_cate_5"
"120",1.10921501706485,0.0136673342791182,0.0962631469147255,0.00261250871920265,"LoF; AF<1%",975,879,"LoF_Haploinsuff_MAF<1e-4_AllExon_cate_2"
"121",1.21428571428571,0.0104757953666919,0.172740615436545,0.00275580999771612,"LoF; AF<1%",323,266,"LoF_SCZ gene_MAF<1e-4_ExonTop70%_cate_2"
"122",1.72222222222222,0.00558727210738555,0.445820062863142,0.0027617692901952,"LoF; AF<1%",62,36,"LoF_High_MAF<1e-3_AllExon_cate_2"
"123",1.72222222222222,0.00558727210738555,0.445823108913695,0.002761769314539,"LoF; AF<1%",62,36,"LoF_High_MAF<1e-2_AllExon_cate_2"
"124",1.05355303810505,0.022527856764116,0.0802570458752182,0.00278322176438342,"Non-damaging; AF<0.1%",3069,2913,"Consensus_SCZ gene_MAF<1e-4_AllExon_cate_8"
"125",1.36036036036036,0.00790791242889674,0.258956230074184,0.00278542658180795,"LoF; AF<1%",151,111,"Consensus_Haploinsuff_MAF<1e-4_ExonTop70%_cate_2"
"126",1.42307692307692,0.00331899297246071,0.264096917376362,0.0028153585485311,"LoF; AF<1%",148,104,"Consensus_RVIS_MAF<1e-2_ExonTop60%_cate_2"
"127",1.42307692307692,0.00331899297246071,0.264096917376357,0.00281535854853115,"LoF; AF<1%",148,104,"CADDtop10%_RVIS_MAF<1e-2_ExonTop60%_cate_2"
"128",0.998727465535525,0.528741566285375,0.0299469311566175,0.0029893364585457,"Damaging; AF<0.1%",4709,4715,"Consensus_PSD_MAF<1e-2_AllExon_cate_5"
"129",0.998727465535525,0.528741566285375,0.0299614516962386,0.00298934370637998,"Damaging; AF<0.1%",4709,4715,"Consensus_PSD_MAF<1e-3_AllExon_cate_5"
"130",0.998727465535525,0.528741566285375,0.0301876929834499,0.00299009161974885,"Damaging; AF<0.1%",4709,4715,"Damaging_PSD_MAF<1e-2_AllExon_cate_5"
"131",0.998727465535525,0.528741566285375,0.0301880529033847,0.00299009375924177,"Damaging; AF<0.1%",4709,4715,"Damaging_PSD_MAF<1e-3_AllExon_cate_5"
"132",1.23333333333333,0.0087185471168981,0.181645051377122,0.00301291976650671,"LoF; AF<1%",296,240,"LoF_RVIS_MAF<1e-4_ExonTop60%_cate_2"
"133",1.18850574712644,0.004312355387253,0.137646467748451,0.00312808472517274,"LoF; AF<1%",517,435,"LoF_RVIS_MAF<1e-4_AllExon_cate_2"
"134",1.25507246376812,0.000898041922643119,0.16661527152551,0.00329955997796882,"LoF; AF<1%",433,345,"LoF_Haploinsuff_MAF<1e-2_ExonTop70%_cate_2"
"135",1.33333333333333,0.00767279413743802,0.238147855648508,0.00331900131051388,"LoF; AF<1%",172,129,"LoF_RVIS_MAF<1e-4_ExonTop80%_cate_2"
"136",1.35135135135135,0.00924718381897797,0.25445033120018,0.0033356326960258,"LoF; AF<1%",150,111,"CADDtop10%_Haploinsuff_MAF<1e-4_ExonTop70%_cate_2"
"137",1.1787072243346,0.00299331118935602,0.126092522076707,0.00348376815111954,"LoF; AF<1%",620,526,"LoF_RVIS_MAF<1e-3_AllExon_cate_2"
"138",1.43165467625899,0.00064856144092581,0.298164287537635,0.00368937958118484,"LoF; AF<1%",199,139,"LoF_Haploinsuff_MAF<1e-2_ExonTop90%_cate_2"
"139",1.49180327868852,0.00918369605530532,0.333872786710199,0.00374733221844396,"LoF; AF<1%",91,61,"LoF_RVIS_MAF<1e-4_ExonTop90%_cate_2"
"140",1.34313725490196,0.0138242424705063,0.287201087825346,0.00379954789118615,"LoF; AF<1%",137,102,"CADDtop10%_FMRP_MAF<1e-2_AllExon_cate_2"
"141",1.02472650981568,0.0791339273020357,0.0330507138483298,0.00382331948815042,"Damaging; AF<0.1%",6838,6673,"Consensus_SCZ gene_MAF<1e-4_ExonTop60%_cate_5"
"142",1.02472650981568,0.0791339273020357,0.0333954865457441,0.00382606811557237,"Damaging; AF<0.1%",6838,6673,"Damaging_SCZ gene_MAF<1e-4_ExonTop60%_cate_5"
"143",1.02309328471589,0.179007379923276,0.0458762332198818,0.0038615892622598,"Damaging; AF<0.1%",3367,3291,"Consensus_constraint gene_MAF<1e-4_ExonTop50%_cate_5"
"144",1.02309328471589,0.179007379923276,0.0461699868342251,0.00386234244956439,"Damaging; AF<0.1%",3367,3291,"Damaging_constraint gene_MAF<1e-4_ExonTop50%_cate_5"
"145",1.15800865800866,0.0112723108848416,0.124833797956999,0.00397550601847687,"LoF; AF<1%",535,462,"LoF_Haploinsuff_MAF<1e-4_ExonTop50%_cate_2"
"146",1.21212121212121,0.011384829274389,0.166667471783479,0.00416788097436114,"LoF; AF<1%",320,264,"LoF_RVIS_MAF<1e-3_ExonTop60%_cate_2"
"147",2.30769230769231,0.00685909252933926,0.609983312012718,0.00418590136167966,"LoF; AF<1%",30,13,"LoF_High_MAF<1e-4_ExonTop70%_cate_2"
"148",2.30769230769231,0.00685909252933926,0.609984727546879,0.00418590136974988,"LoF; AF<1%",30,13,"LoF_High_MAF<1e-2_ExonTop70%_cate_2"
"149",2.30769230769231,0.00685909252933926,0.609985748348971,0.00418590137571962,"LoF; AF<1%",30,13,"LoF_High_MAF<1e-3_ExonTop70%_cate_2"
"150",1.02705314009662,0.147734045756123,0.0469729088002892,0.0042795507537083,"Damaging; AF<0.1%",3189,3105,"Consensus_constraint gene_MAF<1e-4_ExonTop60%_cate_5"
"151",1.02705314009662,0.147734045756123,0.0472713656129081,0.00428031919770615,"Damaging; AF<0.1%",3189,3105,"Damaging_constraint gene_MAF<1e-4_ExonTop60%_cate_5"
"152",1.2112676056338,0.00924193678819949,0.161903713961865,0.00434046159388623,"LoF; AF<1%",344,284,"LoF_RVIS_MAF<1e-4_ExonTop50%_cate_2"
"153",1.0663357400722,0.0154745441725598,0.0557347619043203,0.00440204575158919,"Damaging; AF<0.1%",2363,2216,"Consensus_constraint gene_MAF<1e-3_ExonTop90%_cate_5"
"154",1.0663357400722,0.0154745441725598,0.0557347415582136,0.00440204575160718,"Damaging; AF<0.1%",2363,2216,"Consensus_constraint gene_MAF<1e-2_ExonTop90%_cate_5"
"155",1.0663357400722,0.0154745441725598,0.0559743707479974,0.00440238381926478,"Damaging; AF<0.1%",2363,2216,"Damaging_constraint gene_MAF<1e-2_ExonTop90%_cate_5"
"156",1.0663357400722,0.0154745441725598,0.0559763754073311,0.00440238950091108,"Damaging; AF<0.1%",2363,2216,"Damaging_constraint gene_MAF<1e-3_ExonTop90%_cate_5"
"157",1.31288343558282,0.00496358476255586,0.208133405795776,0.0045816175079259,"LoF; AF<1%",214,163,"LoF_Haploinsuff_MAF<1e-4_ExonTop80%_cate_2"
"158",1.06437768240343,0.174897441614939,0.089086136841603,0.00493269805226131,"Damaging; AF<0.1%",496,466,"CADDtop10%_ID gene_MAF<1e-3_AllExon_cate_5"
"159",1.06437768240343,0.174897441614939,0.0890861368416242,0.00493269805226144,"Damaging; AF<0.1%",496,466,"CADDtop10%_ID gene_MAF<1e-2_AllExon_cate_5"
"160",1.03043815432338,0.0637067407129734,0.0333228708187198,0.00506575276518902,"Damaging; AF<0.1%",5315,5158,"Consensus_RVIS_MAF<1e-2_ExonTop80%_cate_5"
"161",1.03043815432338,0.0637067407129734,0.0334255849780852,0.00506614962392309,"Damaging; AF<0.1%",5315,5158,"Consensus_RVIS_MAF<1e-3_ExonTop80%_cate_5"
"162",1.03043815432338,0.0637067407129734,0.0335723435557295,0.00506735417822613,"Damaging; AF<0.1%",5315,5158,"Damaging_RVIS_MAF<1e-2_ExonTop80%_cate_5"
"163",1.03043815432338,0.0637067407129734,0.0335807751997871,0.00506744616168836,"Damaging; AF<0.1%",5315,5158,"Damaging_RVIS_MAF<1e-3_ExonTop80%_cate_5"
"164",3.14285714285714,0.00406502932310104,0.750812186442186,0.00511926869542171,"LoF; AF<1%",22,7,"CADDtop10%_High_MAF<1e-4_ExonTop60%_cate_2"
"165",3.14285714285714,0.00406502932310104,0.750812186443009,0.00511926869542171,"LoF; AF<1%",22,7,"Consensus_High_MAF<1e-3_ExonTop60%_cate_2"
"166",3.14285714285714,0.00406502932310104,0.750812186443009,0.00511926869542171,"LoF; AF<1%",22,7,"Consensus_High_MAF<1e-4_ExonTop60%_cate_2"
"167",3.14285714285714,0.00406502932310104,0.750812186443733,0.00511926869542172,"LoF; AF<1%",22,7,"CADDtop10%_High_MAF<1e-3_ExonTop60%_cate_2"
"168",3.14285714285714,0.00406502932310104,0.750812186443011,0.00511926869542172,"LoF; AF<1%",22,7,"Consensus_High_MAF<1e-2_ExonTop60%_cate_2"
"169",3.14285714285714,0.00406502932310104,0.750812186442971,0.00511926869542172,"LoF; AF<1%",22,7,"CADDtop10%_High_MAF<1e-2_ExonTop60%_cate_2"
"170",2.54545454545455,0.00473765213973821,0.617932234985168,0.00541305127756208,"LoF; AF<1%",28,11,"Consensus_High_MAF<1e-2_AllExon_cate_2"
"171",2.54545454545455,0.00473765213973821,0.617932234985168,0.00541305127756208,"LoF; AF<1%",28,11,"Consensus_High_MAF<1e-3_AllExon_cate_2"
"172",2.54545454545455,0.00473765213973821,0.617932234985168,0.00541305127756208,"LoF; AF<1%",28,11,"Consensus_High_MAF<1e-4_AllExon_cate_2"
"173",1.78260869565217,0.0163828795494117,0.501446561615745,0.00567928995015063,"LoF; AF<1%",41,23,"CADDtop10%_FMRP_MAF<1e-2_ExonTop90%_cate_2"
"174",1.78260869565217,0.0163828795494117,0.501446561615745,0.00567928995015063,"LoF; AF<1%",41,23,"CADDtop10%_FMRP_MAF<1e-4_ExonTop90%_cate_2"
"175",1.78260869565217,0.0163828795494117,0.501446561615745,0.00567928995015063,"LoF; AF<1%",41,23,"Consensus_FMRP_MAF<1e-2_ExonTop90%_cate_2"
"176",1.78260869565217,0.0163828795494117,0.501446561615745,0.00567928995015064,"LoF; AF<1%",41,23,"CADDtop10%_FMRP_MAF<1e-3_ExonTop90%_cate_2"
"177",1.78260869565217,0.0163828795494117,0.501446561615745,0.00567928995015064,"LoF; AF<1%",41,23,"Consensus_FMRP_MAF<1e-3_ExonTop90%_cate_2"
"178",1.78260869565217,0.0163828795494117,0.501446561615745,0.00567928995015064,"LoF; AF<1%",41,23,"Consensus_FMRP_MAF<1e-4_ExonTop90%_cate_2"
"179",1.04698581560284,0.139589295092063,0.0739041427788546,0.00584440458402434,"Damaging; AF<0.1%",1181,1128,"Consensus_ID gene_MAF<1e-4_AllExon_cate_5"
"180",1.04698581560284,0.139589295092063,0.0740908533115187,0.00584455175737716,"Damaging; AF<0.1%",1181,1128,"Damaging_ID gene_MAF<1e-4_AllExon_cate_5"
"181",1.01719444046425,0.157944045857968,0.0284262096387474,0.00585694620878845,"Damaging; AF<0.1%",7099,6979,"Consensus_RVIS_MAF<1e-2_ExonTop70%_cate_5"
"182",1.01719444046425,0.157944045857968,0.0284691240478477,0.00585712192064783,"Damaging; AF<0.1%",7099,6979,"Consensus_RVIS_MAF<1e-3_ExonTop70%_cate_5"
"183",1.01719444046425,0.157944045857968,0.0287217498051726,0.00586018979548199,"Damaging; AF<0.1%",7099,6979,"Damaging_RVIS_MAF<1e-3_ExonTop70%_cate_5"
"184",1.01719444046425,0.157944045857968,0.0287274255789947,0.00586029864388567,"Damaging; AF<0.1%",7099,6979,"Damaging_RVIS_MAF<1e-2_ExonTop70%_cate_5"
"185",1.15158924205379,0.0198460410785921,0.129377778179706,0.00591850956261227,"LoF; AF<1%",471,409,"LoF_Haploinsuff_MAF<1e-3_ExonTop60%_cate_2"
"186",1.20349761526232,0.000320664276973415,0.116338831034613,0.00639354402179492,"LoF; AF<1%",757,629,"LoF_RVIS_MAF<1e-2_AllExon_cate_2"
"187",1.21003134796238,0.00643710801443635,0.146653641872721,0.00646447622069205,"LoF; AF<1%",386,319,"LoF_RVIS_MAF<1e-3_ExonTop50%_cate_2"
"188",1.08287671232877,0.0147666523481423,0.0626945753864745,0.0067560038229813,"Damaging; AF<0.1%",1581,1460,"CADDtop10%_Haploinsuff_MAF<1e-4_ExonTop80%_cate_5"
"189",1.29078014184397,0.0129422300112274,0.214784632920657,0.00688770112074088,"LoF; AF<1%",182,141,"LoF_RVIS_MAF<1e-3_ExonTop80%_cate_2"
"190",1.24534161490683,0.00184602403283574,0.155655898297471,0.00699651331460428,"LoF; AF<1%",401,322,"LoF_RVIS_MAF<1e-2_ExonTop60%_cate_2"
"191",1.02735710796287,0.111538051599762,0.0388982400091769,0.00708859142243103,"Damaging; AF<0.1%",4206,4094,"Consensus_SCZ gene_MAF<1e-4_ExonTop80%_cate_5"
"192",1.02735710796287,0.111538051599762,0.0392423489050832,0.0070909747107191,"Damaging; AF<0.1%",4206,4094,"Damaging_SCZ gene_MAF<1e-4_ExonTop80%_cate_5"
"193",1.01077199281867,0.334707162460043,0.0353628006929249,0.00735709388603984,"Damaging; AF<0.1%",3378,3342,"Consensus_PSD_MAF<1e-3_ExonTop50%_cate_5"
"194",1.01077199281867,0.334707162460043,0.0353629098293059,0.00735709388681032,"Damaging; AF<0.1%",3378,3342,"Consensus_PSD_MAF<1e-2_ExonTop50%_cate_5"
"195",1.01077199281867,0.334707162460043,0.0356101696806437,0.00735823027865715,"Damaging; AF<0.1%",3378,3342,"Damaging_PSD_MAF<1e-3_ExonTop50%_cate_5"
"196",1.01077199281867,0.334707162460043,0.0356101971721863,0.00735823053101665,"Damaging; AF<0.1%",3378,3342,"Damaging_PSD_MAF<1e-2_ExonTop50%_cate_5"
"197",1.375,0.010125489775604,0.252028269805274,0.00766474916028264,"LoF; AF<1%",132,96,"CADDtop10%_RVIS_MAF<1e-4_ExonTop60%_cate_2"
"198",1.375,0.010125489775604,0.252028269805274,0.00766474916028264,"LoF; AF<1%",132,96,"Consensus_RVIS_MAF<1e-4_ExonTop60%_cate_2"
"199",1.0213719407101,0.212846859514595,0.0386276290650494,0.00771714905191085,"Damaging; AF<0.1%",2963,2901,"Consensus_PSD_MAF<1e-2_ExonTop60%_cate_5"
"200",1.0213719407101,0.212846859514595,0.0386279748568708,0.00771714905665384,"Damaging; AF<0.1%",2963,2901,"Consensus_PSD_MAF<1e-3_ExonTop60%_cate_5"
"201",1.0213719407101,0.212846859514595,0.0388691026934296,0.00771809133423857,"Damaging; AF<0.1%",2963,2901,"Damaging_PSD_MAF<1e-3_ExonTop60%_cate_5"
"202",1.0213719407101,0.212846859514595,0.0388749445143516,0.00771813741199935,"Damaging; AF<0.1%",2963,2901,"Damaging_PSD_MAF<1e-2_ExonTop60%_cate_5"
"203",1.18454935622318,0.0038448484129263,0.124212311615145,0.00798476282522127,"LoF; AF<1%",552,466,"LoF_Haploinsuff_MAF<1e-2_ExonTop60%_cate_2"
"204",1.2196261682243,0.0173471866770985,0.173263277515449,0.0079866469121507,"LoF; AF<1%",261,214,"LoF_SCZ gene_MAF<1e-3_ExonTop80%_cate_2"
"205",1.2196261682243,0.0173471866770985,0.17326553959942,0.00798664745741002,"LoF; AF<1%",261,214,"LoF_SCZ gene_MAF<1e-2_ExonTop80%_cate_2"
"206",1.01023890784983,0.110138481563699,0.0125462262723145,0.00803864739789464,"Damaging; AF<0.1%",29304,29007,"Consensus_Haploinsuff_MAF<1e-2_AllExon_cate_5"
"207",1.01023890784983,0.110138481563699,0.0125549875315817,0.00803901283896725,"Damaging; AF<0.1%",29304,29007,"Consensus_Haploinsuff_MAF<1e-3_AllExon_cate_5"
"208",1.01023890784983,0.110138481563699,0.0130321270585025,0.00810094403935512,"Damaging; AF<0.1%",29304,29007,"Damaging_Haploinsuff_MAF<1e-2_AllExon_cate_5"
"209",1.01023890784983,0.110138481563699,0.0130378745424631,0.00810219564688844,"Damaging; AF<0.1%",29304,29007,"Damaging_Haploinsuff_MAF<1e-3_AllExon_cate_5"
"210",1.26111111111111,0.011241605778056,0.189756200321559,0.0085417216557371,"LoF; AF<1%",227,180,"LoF_Haploinsuff_MAF<1e-3_ExonTop80%_cate_2"
"211",1.26771653543307,0.0258205199592711,0.222485230317755,0.00854221971084928,"LoF; AF<1%",161,127,"Consensus_Haploinsuff_MAF<1e-2_ExonTop70%_cate_2"
"212",1.26771653543307,0.0258205199592711,0.222485230317492,0.00854221971084937,"LoF; AF<1%",161,127,"Consensus_Haploinsuff_MAF<1e-3_ExonTop70%_cate_2"
"213",1.29126213592233,0.0294154760481314,0.226575099318645,0.00854921525104882,"LoF; AF<1%",133,103,"LoF_Mod_MAF<1e-4_AllExon_cate_2"
"214",1.24590163934426,0.0149278844607156,0.183947238269641,0.00864794868850515,"LoF; AF<1%",228,183,"LoF_RVIS_MAF<1e-4_ExonTop70%_cate_2"
"215",1.20670391061452,0.0349753430335113,0.180577839403215,0.00875524067092755,"LoF; AF<1%",216,179,"Consensus_Haploinsuff_MAF<1e-3_ExonTop60%_cate_2"
"216",1.20670391061452,0.0349753430335113,0.180577839402348,0.00875524067092787,"LoF; AF<1%",216,179,"Consensus_Haploinsuff_MAF<1e-2_ExonTop60%_cate_2"
"217",1.13114754098361,0.0341047235247939,0.120015275856216,0.00902138052526671,"LoF; AF<1%",483,427,"LoF_SCZ gene_MAF<1e-4_ExonTop50%_cate_2"
"218",1.08857509627728,0.0458984419319166,0.0872129938426322,0.00914969260590649,"LoF; AF<1%",848,779,"LoF_SCZ gene_MAF<1e-4_AllExon_cate_2"
"219",1.06856023506366,0.0666139079248204,0.0726536594974052,0.00947908795895852,"Damaging; AF<0.1%",1091,1021,"CADDtop10%_PSD_MAF<1e-2_ExonTop50%_cate_5"
"220",1.06856023506366,0.0666139079248204,0.07265501199525,0.00947908806057331,"Damaging; AF<0.1%",1091,1021,"CADDtop10%_PSD_MAF<1e-3_ExonTop50%_cate_5"
"221",1.34108527131783,0.00660802735770658,0.21064500464123,0.00954439076319299,"LoF; AF<1%",173,129,"Consensus_RVIS_MAF<1e-3_ExonTop50%_cate_2"
"222",1.06209343583678,0.0390952442091808,0.0906443757154741,0.00967065754908591,"Non-damaging; AF<0.1%",1796,1691,"Consensus_SCZ gene_MAF<1e-4_ExonTop50%_cate_8"
"223",1.37313432835821,0.0283279984168857,0.292982696207634,0.00971922586852449,"LoF; AF<1%",92,67,"LoF_RVIS_MAF<1e-3_ExonTop90%_cate_2"
"224",1.23926380368098,0.0232757892322105,0.188024744843367,0.00990685337678645,"LoF; AF<1%",202,163,"Consensus_Haploinsuff_MAF<1e-4_ExonTop60%_cate_2"
"225",1.01323969606263,0.194322242435231,0.0239028947163894,0.00992307017059091,"Damaging; AF<0.1%",8801,8686,"Consensus_RVIS_MAF<1e-2_ExonTop60%_cate_5"
"226",1.01323969606263,0.194322242435231,0.0239083893724831,0.00992311203114441,"Damaging; AF<0.1%",8801,8686,"Consensus_RVIS_MAF<1e-3_ExonTop60%_cate_5"
"227",1.01323969606263,0.194322242435231,0.0242426321242602,0.00993231774802028,"Damaging; AF<0.1%",8801,8686,"Damaging_RVIS_MAF<1e-2_ExonTop60%_cate_5"
"228",1.01323969606263,0.194322242435231,0.0242429413853537,0.00993233233288104,"Damaging; AF<0.1%",8801,8686,"Damaging_RVIS_MAF<1e-3_ExonTop60%_cate_5"
"229",1.25984251968504,0.0293580482756079,0.218073031244753,0.0100230198772508,"LoF; AF<1%",160,127,"CADDtop10%_Haploinsuff_MAF<1e-3_ExonTop70%_cate_2"
"230",1.25984251968504,0.0293580482756079,0.21807303035011,0.0100230198772508,"LoF; AF<1%",160,127,"CADDtop10%_Haploinsuff_MAF<1e-2_ExonTop70%_cate_2"
"231",1.01885043263288,0.228946080402181,0.0376770535676319,0.0101125446557228,"Damaging; AF<0.1%",3297,3236,"Consensus_constraint gene_MAF<1e-3_ExonTop80%_cate_5"
"232",1.01885043263288,0.228946080402181,0.0376771652975538,0.0101125446671248,"Damaging; AF<0.1%",3297,3236,"Consensus_constraint gene_MAF<1e-2_ExonTop80%_cate_5"
"233",1.01885043263288,0.228946080402181,0.0373812948420685,0.0101144995214525,"Damaging; AF<0.1%",3297,3236,"Damaging_constraint gene_MAF<1e-3_ExonTop80%_cate_5"
"234",1.01885043263288,0.228946080402181,0.0379735323865423,0.0101145653144413,"Damaging; AF<0.1%",3297,3236,"Damaging_constraint gene_MAF<1e-2_ExonTop80%_cate_5"
"235",1.23872679045093,0.00108452534059544,0.137445833196604,0.0101980746037747,"LoF; AF<1%",467,377,"LoF_RVIS_MAF<1e-2_ExonTop50%_cate_2"
"236",1.20100502512563,0.0311348516618756,0.166982782876402,0.010810587107115,"LoF; AF<1%",239,199,"Consensus_Haploinsuff_MAF<1e-4_ExonTop50%_cate_2"
"237",2.75,0.008062400855124,0.669702768081494,0.0109504645157732,"LoF; AF<1%",22,8,"Consensus_High_MAF<1e-2_ExonTop50%_cate_2"
"238",2.75,0.008062400855124,0.669702768081494,0.0109504645157732,"LoF; AF<1%",22,8,"Consensus_High_MAF<1e-3_ExonTop50%_cate_2"
"239",2.75,0.008062400855124,0.669702768081495,0.0109504645157732,"LoF; AF<1%",22,8,"CADDtop10%_High_MAF<1e-2_ExonTop50%_cate_2"
"240",2.75,0.008062400855124,0.669702768081495,0.0109504645157732,"LoF; AF<1%",22,8,"CADDtop10%_High_MAF<1e-3_ExonTop50%_cate_2"
"241",2.75,0.008062400855124,0.669702768081495,0.0109504645157732,"LoF; AF<1%",22,8,"Consensus_High_MAF<1e-4_ExonTop50%_cate_2"
"242",2.75,0.008062400855124,0.669702768081482,0.0109504645157732,"LoF; AF<1%",22,8,"CADDtop10%_High_MAF<1e-4_ExonTop50%_cate_2"
"243",1.33333333333333,0.00767279413743802,0.20635316012447,0.0111141943073415,"LoF; AF<1%",172,129,"CADDtop10%_RVIS_MAF<1e-3_ExonTop50%_cate_2"
"244",1.19553072625698,0.0431011489556331,0.174326895805118,0.011372237445153,"LoF; AF<1%",214,179,"CADDtop10%_Haploinsuff_MAF<1e-2_ExonTop60%_cate_2"
"245",1.19553072625698,0.0431011489556331,0.174326902784968,0.0113722374451533,"LoF; AF<1%",214,179,"CADDtop10%_Haploinsuff_MAF<1e-3_ExonTop60%_cate_2"
"246",1.33076923076923,0.00784479492493311,0.204921415869887,0.0113763433906607,"LoF; AF<1%",173,130,"Consensus_RVIS_MAF<1e-2_ExonTop50%_cate_2"
"247",1.32828282828283,0.00141763637966276,0.199115271729131,0.0115336312460904,"LoF; AF<1%",263,198,"LoF_RVIS_MAF<1e-2_ExonTop80%_cate_2"
"248",1.50819672131148,0.00751013044586574,0.443865504219267,0.0119123171911756,"Non-damaging; AF<0.1%",92,61,"Consensus_Mod_MAF<1e-4_ExonTop90%_cate_8"
"249",1.04398148148148,0.0785752017866932,0.0437860811819561,0.0122057900263301,"Damaging; AF<0.1%",2255,2160,"CADDtop10%_FMRP_MAF<1e-3_AllExon_cate_5"
"250",1.04398148148148,0.0785752017866932,0.0437865406172575,0.0122057900397459,"Damaging; AF<0.1%",2255,2160,"CADDtop10%_FMRP_MAF<1e-2_AllExon_cate_5"
"251",1.24761904761905,0.0517296175562474,0.223574690879123,0.012400889576247,"LoF; AF<1%",131,105,"LoF_SCZ gene_MAF<1e-4_ExonTop90%_cate_2"
"252",1.05755755755756,0.0376957465076109,0.0502011496600936,0.0124029630273326,"Damaging; AF<0.1%",2113,1998,"CADDtop10%_Haploinsuff_MAF<1e-4_ExonTop70%_cate_5"
"253",1.07103218645949,0.0723513177094032,0.0736850905115493,0.0127515186376824,"Damaging; AF<0.1%",965,901,"CADDtop10%_PSD_MAF<1e-3_ExonTop60%_cate_5"
"254",1.07103218645949,0.0723513177094032,0.073705106519436,0.0127515212930759,"Damaging; AF<0.1%",965,901,"CADDtop10%_PSD_MAF<1e-2_ExonTop60%_cate_5"
"255",1.07242798353909,0.041469267159293,0.0687870584393868,0.0128135665993038,"Damaging; AF<0.1%",1303,1215,"Consensus_PSD_MAF<1e-4_ExonTop80%_cate_5"
"256",1.07242798353909,0.041469267159293,0.0690196364018409,0.0128140687738421,"Damaging; AF<0.1%",1303,1215,"Damaging_PSD_MAF<1e-4_ExonTop80%_cate_5"
"257",1.08469945355191,0.0591839702053039,0.0855330606327583,0.0129594856527269,"Damaging; AF<0.1%",794,732,"CADDtop10%_PSD_MAF<1e-4_ExonTop50%_cate_5"
"258",1.01174033149171,0.296375013815747,0.0315201186948148,0.0130046696650381,"Damaging; AF<0.1%",4395,4344,"Consensus_constraint gene_MAF<1e-2_ExonTop60%_cate_5"
"259",1.01174033149171,0.296375013815747,0.0315201554954073,0.0130046697056036,"Damaging; AF<0.1%",4395,4344,"Consensus_constraint gene_MAF<1e-3_ExonTop60%_cate_5"
"260",1.22699386503067,0.0293370340156543,0.181247494683508,0.0130087551048876,"LoF; AF<1%",200,163,"CADDtop10%_Haploinsuff_MAF<1e-4_ExonTop60%_cate_2"
"261",1.01174033149171,0.296375013815747,0.0318316354448322,0.0130088533147168,"Damaging; AF<0.1%",4395,4344,"Damaging_constraint gene_MAF<1e-3_ExonTop60%_cate_5"
"262",1.01174033149171,0.296375013815747,0.0318363818651322,0.0130089764372218,"Damaging; AF<0.1%",4395,4344,"Damaging_constraint gene_MAF<1e-2_ExonTop60%_cate_5"
"263",1.32307692307692,0.00908156249215963,0.200643007699345,0.0132046918625004,"LoF; AF<1%",172,130,"CADDtop10%_RVIS_MAF<1e-2_ExonTop50%_cate_2"
"264",1.01064782565429,0.22791836440346,0.0211219510864949,0.0133449815221038,"Damaging; AF<0.1%",10156,10049,"Consensus_RVIS_MAF<1e-2_ExonTop50%_cate_5"
"265",1.01064782565429,0.22791836440346,0.0211722418422516,0.0133457376054196,"Damaging; AF<0.1%",10156,10049,"Consensus_RVIS_MAF<1e-3_ExonTop50%_cate_5"
"266",1.01064782565429,0.22791836440346,0.0215007496116904,0.0133623572651608,"Damaging; AF<0.1%",10156,10049,"Damaging_RVIS_MAF<1e-2_ExonTop50%_cate_5"
"267",1.01064782565429,0.22791836440346,0.021505119660212,0.0133627149165141,"Damaging; AF<0.1%",10156,10049,"Damaging_RVIS_MAF<1e-3_ExonTop50%_cate_5"
"268",1.47826086956522,0.024362343199341,0.329157721167845,0.0133836928581026,"LoF; AF<1%",68,46,"Consensus_FMRP_MAF<1e-4_ExonTop70%_cate_2"
"269",1.47826086956522,0.024362343199341,0.329157721168087,0.0133836928581029,"LoF; AF<1%",68,46,"CADDtop10%_FMRP_MAF<1e-4_ExonTop70%_cate_2"
"270",1.17937219730942,0.0383866672485104,0.152733154541609,0.0134030141030461,"LoF; AF<1%",263,223,"Consensus_Haploinsuff_MAF<1e-2_ExonTop50%_cate_2"
"271",1.17937219730942,0.0383866672485104,0.15273315454064,0.0134030141030461,"LoF; AF<1%",263,223,"Consensus_Haploinsuff_MAF<1e-3_ExonTop50%_cate_2"
"272",1.29957805907173,0.00134037476200757,0.17688876930923,0.0134280703511867,"LoF; AF<1%",308,237,"LoF_Haploinsuff_MAF<1e-2_ExonTop80%_cate_2"
"273",1.46753246753247,0.00545912119202598,0.266312072066497,0.0137103661334296,"LoF; AF<1%",113,77,"LoF_Mod_MAF<1e-2_ExonTop50%_cate_2"
"274",1.50769230769231,0.00598051223773327,0.270782443075203,0.0139399247983193,"LoF; AF<1%",98,65,"LoF_Mod_MAF<1e-3_ExonTop50%_cate_2"
"275",1.07508532423208,0.0639990942400808,0.0768577784958328,0.0142722858700699,"Damaging; AF<0.1%",945,879,"CADDtop10%_PSD_MAF<1e-4_AllExon_cate_5"
"276",1.02075550020755,0.241248891483634,0.0380419012487026,0.0144973844480565,"Damaging; AF<0.1%",2459,2409,"Consensus_PSD_MAF<1e-2_ExonTop70%_cate_5"
"277",1.02075550020755,0.241248891483634,0.0380420682336283,0.0144973844493514,"Damaging; AF<0.1%",2459,2409,"Consensus_PSD_MAF<1e-3_ExonTop70%_cate_5"
"278",1.02075550020755,0.241248891483634,0.0382879390628633,0.0144989672437488,"Damaging; AF<0.1%",2459,2409,"Damaging_PSD_MAF<1e-2_ExonTop70%_cate_5"
"279",1.02075550020755,0.241248891483634,0.0382884172086456,0.0144989733975128,"Damaging; AF<0.1%",2459,2409,"Damaging_PSD_MAF<1e-3_ExonTop70%_cate_5"
"280",1.0228712174525,0.199313221325494,0.0420305635703159,0.014512943068699,"Damaging; AF<0.1%",2907,2842,"Consensus_constraint gene_MAF<1e-4_ExonTop70%_cate_5"
"281",1.0228712174525,0.199313221325494,0.0423717843905306,0.0145161268643607,"Damaging; AF<0.1%",2907,2842,"Damaging_constraint gene_MAF<1e-4_ExonTop70%_cate_5"
"282",1.12983425414365,0.0487635743351631,0.12193655991374,0.0146626438157011,"LoF; AF<1%",409,362,"LoF_SCZ gene_MAF<1e-4_ExonTop60%_cate_2"
"283",1.12732095490716,0.0484642304706667,0.118200322402785,0.0147272038814045,"LoF; AF<1%",425,377,"Consensus_Haploinsuff_MAF<1e-4_AllExon_cate_2"
"284",1.22335025380711,0.0198969296390068,0.167637188465951,0.0148127587360392,"LoF; AF<1%",241,197,"LoF_RVIS_MAF<1e-3_ExonTop70%_cate_2"
"285",1.11302681992337,0.0403484622094169,0.100480253986322,0.0150130146950898,"LoF; AF<1%",581,522,"LoF_Haploinsuff_MAF<1e-3_ExonTop50%_cate_2"
"286",1.43103448275862,0.0214398076137044,0.291864693031314,0.0162424571950933,"LoF; AF<1%",83,58,"CADDtop10%_RVIS_MAF<1e-4_ExonTop80%_cate_2"
"287",1.43103448275862,0.0214398076137044,0.291864693031315,0.0162424571950938,"LoF; AF<1%",83,58,"Consensus_RVIS_MAF<1e-4_ExonTop80%_cate_2"
"288",1.0096105209914,0.339044515785968,0.0314518927080191,0.0164855102291401,"Damaging; AF<0.1%",3992,3954,"Consensus_constraint gene_MAF<1e-3_ExonTop70%_cate_5"
"289",1.0096105209914,0.339044515785968,0.0314997764147857,0.0164856158341492,"Damaging; AF<0.1%",3992,3954,"Consensus_constraint gene_MAF<1e-2_ExonTop70%_cate_5"
"290",1.0096105209914,0.339044515785968,0.031774917981632,0.0164903878971585,"Damaging; AF<0.1%",3992,3954,"Damaging_constraint gene_MAF<1e-2_ExonTop70%_cate_5"
"291",1.0096105209914,0.339044515785968,0.0317826451818,0.0164906242897418,"Damaging; AF<0.1%",3992,3954,"Damaging_constraint gene_MAF<1e-3_ExonTop70%_cate_5"
"292",1.03098373353989,0.0898374983841921,0.0353624920728571,0.0167888975076567,"Damaging; AF<0.1%",3993,3873,"Consensus_FMRP_MAF<1e-4_ExonTop60%_cate_5"
"293",1.03098373353989,0.0898374983841921,0.0357461760132859,0.0167953541010035,"Damaging; AF<0.1%",3993,3873,"Damaging_FMRP_MAF<1e-4_ExonTop60%_cate_5"
"294",1.07092907092907,0.0620823942071611,0.0733170368056198,0.0169054563673869,"LoF; AF<1%",1072,1001,"LoF_Haploinsuff_MAF<1e-3_AllExon_cate_2"
"295",1.52173913043478,0.0161360103665466,0.322206695457329,0.0173325921406894,"LoF; AF<1%",70,46,"LoF_PSD_MAF<1e-4_ExonTop80%_cate_2"
"296",1.12269938650307,0.0690675820500216,0.131979584456089,0.0173333847504829,"LoF; AF<1%",366,326,"LoF_SCZ gene_MAF<1e-3_ExonTop70%_cate_2"
"297",1.18090452261307,0.0464162088313552,0.155800822659149,0.0175111610430031,"LoF; AF<1%",235,199,"CADDtop10%_Haploinsuff_MAF<1e-4_ExonTop50%_cate_2"
"298",1.4468085106383,0.0308543041196121,0.313464895010391,0.0178443592322777,"LoF; AF<1%",68,47,"Consensus_FMRP_MAF<1e-3_ExonTop70%_cate_2"
"299",1.4468085106383,0.0308543041196121,0.313464895010394,0.0178443592322778,"LoF; AF<1%",68,47,"CADDtop10%_FMRP_MAF<1e-3_ExonTop70%_cate_2"
"300",1.13899613899614,0.0684706551764887,0.132621119119545,0.0189035898307758,"Damaging; AF<0.1%",295,259,"CADDtop10%_ID gene_MAF<1e-4_AllExon_cate_5"
"301",1.04759704251386,0.0147132141507791,0.0322740997354802,0.0189129861965304,"Damaging; AF<0.1%",4534,4328,"CADDtop10%_Haploinsuff_MAF<1e-2_ExonTop50%_cate_5"
"302",1.04759704251386,0.0147132141507791,0.0322867347188144,0.0189132660322207,"Damaging; AF<0.1%",4534,4328,"CADDtop10%_Haploinsuff_MAF<1e-3_ExonTop50%_cate_5"
"303",1.1433506044905,0.00994552439941802,0.0965860735781317,0.0189785232769913,"LoF; AF<1%",662,579,"LoF_Haploinsuff_MAF<1e-2_ExonTop50%_cate_2"
"304",1.42857142857143,0.0176055100899045,0.279500687622457,0.0190804001701398,"LoF; AF<1%",90,63,"Consensus_RVIS_MAF<1e-3_ExonTop80%_cate_2"
"305",1.42857142857143,0.0176055100899045,0.279500687543062,0.0190804001701401,"LoF; AF<1%",90,63,"Consensus_RVIS_MAF<1e-2_ExonTop80%_cate_2"
"306",1.42857142857143,0.0176055100899045,0.279500687541327,0.0190804001701402,"LoF; AF<1%",90,63,"CADDtop10%_RVIS_MAF<1e-2_ExonTop80%_cate_2"
"307",1.42857142857143,0.0176055100899045,0.279500687541327,0.0190804001701402,"LoF; AF<1%",90,63,"CADDtop10%_RVIS_MAF<1e-3_ExonTop80%_cate_2"
"308",1.00667815596726,0.377964009677326,0.0285732068354089,0.0196020118747361,"Damaging; AF<0.1%",4673,4642,"Consensus_constraint gene_MAF<1e-3_ExonTop50%_cate_5"
"309",1.00667815596726,0.377964009677326,0.0285768464000243,0.0196020200749803,"Damaging; AF<0.1%",4673,4642,"Consensus_constraint gene_MAF<1e-2_ExonTop50%_cate_5"
"310",1.00667815596726,0.377964009677326,0.0289138801045398,0.0196102732239952,"Damaging; AF<0.1%",4673,4642,"Damaging_constraint gene_MAF<1e-2_ExonTop50%_cate_5"
"311",1.00667815596726,0.377964009677326,0.0281910672925495,0.0196107934201319,"Damaging; AF<0.1%",4673,4642,"Damaging_constraint gene_MAF<1e-3_ExonTop50%_cate_5"
"312",1.04192229038855,0.0999737317599866,0.0505884535619805,0.0197624014586282,"Damaging; AF<0.1%",2038,1956,"Consensus_PSD_MAF<1e-4_ExonTop60%_cate_5"
"313",1.04192229038855,0.0999737317599866,0.0508863073804734,0.0197644780211044,"Damaging; AF<0.1%",2038,1956,"Damaging_PSD_MAF<1e-4_ExonTop60%_cate_5"
"314",1.39516129032258,0.00263074709651615,0.258885652997258,0.0200808438727752,"LoF; AF<1%",173,124,"LoF_RVIS_MAF<1e-2_ExonTop90%_cate_2"
"315",1.01335113484646,0.198690245323969,0.0212443076595571,0.0202418855310512,"Damaging; AF<0.1%",8349,8239,"Consensus_SCZ gene_MAF<1e-3_ExonTop70%_cate_5"
"316",1.01335113484646,0.198690245323969,0.0212473606342353,0.020241965100612,"Damaging; AF<0.1%",8349,8239,"Consensus_SCZ gene_MAF<1e-2_ExonTop70%_cate_5"
"317",1.01335113484646,0.198690245323969,0.0215662992181238,0.0202628713248654,"Damaging; AF<0.1%",8349,8239,"Damaging_SCZ gene_MAF<1e-3_ExonTop70%_cate_5"
"318",1.01335113484646,0.198690245323969,0.0215738166923254,0.0202636649721028,"Damaging; AF<0.1%",8349,8239,"Damaging_SCZ gene_MAF<1e-2_ExonTop70%_cate_5"
"319",1.01056338028169,0.375872044319079,0.0365058692332896,0.0204479791822944,"Damaging; AF<0.1%",2009,1988,"Consensus_ID gene_MAF<1e-3_AllExon_cate_5"
"320",1.01056338028169,0.375872044319079,0.0365058900938547,0.0204479791873206,"Damaging; AF<0.1%",2009,1988,"Consensus_ID gene_MAF<1e-2_AllExon_cate_5"
"321",1.01056338028169,0.375872044319079,0.0367237862893779,0.0204494580847966,"Damaging; AF<0.1%",2009,1988,"Damaging_ID gene_MAF<1e-2_AllExon_cate_5"
"322",1.01056338028169,0.375872044319079,0.0367255683456469,0.0204494819284613,"Damaging; AF<0.1%",2009,1988,"Damaging_ID gene_MAF<1e-3_AllExon_cate_5"
"323",1.01586838006231,0.130127481473262,0.0191382055844753,0.0206724828658733,"Damaging; AF<0.1%",10435,10272,"Consensus_SCZ gene_MAF<1e-2_ExonTop60%_cate_5"
"324",1.01586838006231,0.130127481473262,0.0191485450736753,0.0206729483217312,"Damaging; AF<0.1%",10435,10272,"Consensus_SCZ gene_MAF<1e-3_ExonTop60%_cate_5"
"325",1.01586838006231,0.130127481473262,0.0194655513268371,0.0207033859684038,"Damaging; AF<0.1%",10435,10272,"Damaging_SCZ gene_MAF<1e-3_ExonTop60%_cate_5"
"326",1.01586838006231,0.130127481473262,0.0194677665986022,0.0207037088578698,"Damaging; AF<0.1%",10435,10272,"Damaging_SCZ gene_MAF<1e-2_ExonTop60%_cate_5"
"327",1.18421052631579,0.102451796127859,0.201136419734147,0.0207086885981667,"LoF; AF<1%",135,114,"LoF_SCZ gene_MAF<1e-2_ExonTop90%_cate_2"
"328",1.18421052631579,0.102451796127859,0.201139965964135,0.0207086896711261,"LoF; AF<1%",135,114,"LoF_SCZ gene_MAF<1e-3_ExonTop90%_cate_2"
"329",2.27272727272727,0.0144083598279394,0.55995955745211,0.0207878414292353,"LoF; AF<1%",25,11,"CADDtop10%_High_MAF<1e-2_AllExon_cate_2"
"330",2.27272727272727,0.0144083598279394,0.55995955745211,0.0207878414292353,"LoF; AF<1%",25,11,"CADDtop10%_High_MAF<1e-3_AllExon_cate_2"
"331",2.27272727272727,0.0144083598279394,0.55995955745211,0.0207878414292353,"LoF; AF<1%",25,11,"CADDtop10%_High_MAF<1e-4_AllExon_cate_2"
"332",1.16143497757848,0.055397348283431,0.142486550182476,0.0209294988561835,"LoF; AF<1%",259,223,"CADDtop10%_Haploinsuff_MAF<1e-3_ExonTop50%_cate_2"
"333",1.16143497757848,0.055397348283431,0.142486324958152,0.0209294988562044,"LoF; AF<1%",259,223,"CADDtop10%_Haploinsuff_MAF<1e-2_ExonTop50%_cate_2"
"334",1.0843989769821,0.131156629154379,0.115222820976266,0.021506131946226,"LoF; AF<1%",424,391,"CADDtop10%_SCZ gene_MAF<1e-3_AllExon_cate_2"
"335",1.01831896551724,0.252380633088583,0.0622234583211513,0.0221117167562321,"Non-damaging; AF<0.1%",2835,2784,"Consensus_SCZ gene_MAF<1e-2_ExonTop50%_cate_8"
"336",1.01831896551724,0.252380633088583,0.0622294492259613,0.0221117798770905,"Non-damaging; AF<0.1%",2835,2784,"Consensus_SCZ gene_MAF<1e-3_ExonTop50%_cate_8"
"337",1.09483960948396,0.0419071213340406,0.0826051974742013,0.0222116412875175,"Damaging; AF<0.1%",785,717,"Consensus_PSD_MAF<1e-4_ExonTop90%_cate_5"
"338",1.09483960948396,0.0419071213340406,0.0828096064240748,0.0222120396604711,"Damaging; AF<0.1%",785,717,"Damaging_PSD_MAF<1e-4_ExonTop90%_cate_5"
"339",1.24183006535948,0.0258794681567164,0.167229103976995,0.0224408659328436,"LoF; AF<1%",190,153,"LoF_Mod_MAF<1e-3_AllExon_cate_2"
"340",1.34939759036145,0.0223362579302971,0.237752741388106,0.0225869598142864,"LoF; AF<1%",112,83,"CADDtop10%_RVIS_MAF<1e-3_ExonTop70%_cate_2"
"341",1.34939759036145,0.0223362579302971,0.23775274139726,0.0225869598142866,"LoF; AF<1%",112,83,"Consensus_RVIS_MAF<1e-3_ExonTop70%_cate_2"
"342",1.07843137254902,0.160794200662205,0.126015996907531,0.022606601117721,"LoF; AF<1%",385,357,"LoF_SCZ gene_MAF<1e-2_ExonTop70%_cate_2"
"343",1.08220415537489,0.0304126207437721,0.0696089734690249,0.0227990016622675,"LoF; AF<1%",1198,1107,"LoF_Haploinsuff_MAF<1e-2_AllExon_cate_2"
"344",1.112,0.072552177257577,0.110335330920989,0.0231337999553139,"LoF; AF<1%",417,375,"CADDtop10%_Haploinsuff_MAF<1e-4_AllExon_cate_2"
"345",1.41666666666667,0.0386311323053534,0.298081761532529,0.0234787832259144,"LoF; AF<1%",68,48,"CADDtop10%_FMRP_MAF<1e-2_ExonTop70%_cate_2"
"346",1.41666666666667,0.0386311323053534,0.298081761532462,0.0234787832259145,"LoF; AF<1%",68,48,"Consensus_FMRP_MAF<1e-2_ExonTop70%_cate_2"
"347",1.4375,0.0319979553233976,0.293697187753198,0.0240090463327528,"LoF; AF<1%",69,48,"LoF_Mod_MAF<1e-4_ExonTop50%_cate_2"
"348",1.08101265822785,0.139789061107538,0.112289582803058,0.024167288357851,"LoF; AF<1%",427,395,"Consensus_SCZ gene_MAF<1e-3_AllExon_cate_2"
"349",1.03137103020914,0.134658911995192,0.0402364460619375,0.024418416895858,"Damaging; AF<0.1%",2663,2582,"Consensus_FMRP_MAF<1e-4_ExonTop80%_cate_5"
"350",1.03137103020914,0.134658911995192,0.040549361719988,0.0244233741419541,"Damaging; AF<0.1%",2663,2582,"Damaging_FMRP_MAF<1e-4_ExonTop80%_cate_5"
"351",1.03988603988604,0.188177351664605,0.0649045091307942,0.0244409447895006,"LoF; AF<1%",1095,1053,"LoF_SCZ gene_MAF<1e-3_AllExon_cate_2"
"352",1.01015228426396,0.294148859795655,0.0267001535466441,0.0244875029331317,"Damaging; AF<0.1%",5970,5910,"Consensus_FMRP_MAF<1e-4_AllExon_cate_5"
"353",1.01015228426396,0.294148859795655,0.0270430355632704,0.0245089429629399,"Damaging; AF<0.1%",5970,5910,"Damaging_FMRP_MAF<1e-4_AllExon_cate_5"
"354",1.26274509803922,0.00297770107921444,0.152432512605732,0.025206134955564,"LoF; AF<1%",322,255,"LoF_RVIS_MAF<1e-2_ExonTop70%_cate_2"
"355",1.27586206896552,0.0280979218667446,0.195194227228249,0.025286855875193,"LoF; AF<1%",148,116,"Consensus_RVIS_MAF<1e-4_ExonTop50%_cate_2"
"356",1.3469387755102,0.0676752049174077,0.295034214228492,0.0261481697461999,"LoF; AF<1%",66,49,"CADDtop10%_SCZ gene_MAF<1e-4_ExonTop90%_cate_2"
"357",1.3469387755102,0.0676752049174077,0.295034214228493,0.0261481697462004,"LoF; AF<1%",66,49,"Consensus_SCZ gene_MAF<1e-4_ExonTop90%_cate_2"
"358",1.65217391304348,0.0360887192504614,0.404232731082271,0.0266323384470912,"LoF; AF<1%",38,23,"CADDtop10%_PSD_MAF<1e-2_ExonTop70%_cate_2"
"359",1.65217391304348,0.0360887192504614,0.404232739731611,0.0266323384470913,"LoF; AF<1%",38,23,"CADDtop10%_PSD_MAF<1e-4_ExonTop70%_cate_2"
"360",1.65217391304348,0.0360887192504614,0.404232739731611,0.0266323384470913,"LoF; AF<1%",38,23,"Consensus_PSD_MAF<1e-2_ExonTop70%_cate_2"
"361",1.65217391304348,0.0360887192504614,0.40423273973161,0.0266323384470913,"LoF; AF<1%",38,23,"Consensus_PSD_MAF<1e-3_ExonTop70%_cate_2"
"362",1.65217391304348,0.0360887192504614,0.40423273973161,0.0266323384470913,"LoF; AF<1%",38,23,"Consensus_PSD_MAF<1e-4_ExonTop70%_cate_2"
"363",1.65217391304348,0.0360887192504614,0.404232740245416,0.0266323384470914,"LoF; AF<1%",38,23,"CADDtop10%_PSD_MAF<1e-3_ExonTop70%_cate_2"
"364",1.01344332416743,0.298163431866427,0.0306918723647026,0.0269782817101597,"Damaging; AF<0.1%",3317,3273,"CADDtop10%_SCZ gene_MAF<1e-2_ExonTop50%_cate_5"
"365",1.01344332416743,0.298163431866427,0.0308329237431223,0.0269801310947573,"Damaging; AF<0.1%",3317,3273,"CADDtop10%_SCZ gene_MAF<1e-3_ExonTop50%_cate_5"
"366",1.01452960406829,0.226596424293697,0.0277310371317233,0.0271293121717153,"Damaging; AF<0.1%",5586,5506,"Consensus_SCZ gene_MAF<1e-4_ExonTop70%_cate_5"
"367",1.01452960406829,0.226596424293697,0.0281257871144879,0.0271526546258421,"Damaging; AF<0.1%",5586,5506,"Damaging_SCZ gene_MAF<1e-4_ExonTop70%_cate_5"
"368",1.33333333333333,0.0267531250537785,0.228611288057526,0.0277139106796114,"LoF; AF<1%",112,84,"CADDtop10%_RVIS_MAF<1e-2_ExonTop70%_cate_2"
"369",1.33333333333333,0.0267531250537785,0.22861128806072,0.0277139106796117,"LoF; AF<1%",112,84,"Consensus_RVIS_MAF<1e-2_ExonTop70%_cate_2"
"370",1.32051282051282,0.0370735197954201,0.232338080071655,0.0285072638946447,"LoF; AF<1%",103,78,"CADDtop10%_RVIS_MAF<1e-4_ExonTop70%_cate_2"
"371",1.32051282051282,0.0370735197954201,0.232338080071656,0.0285072638946448,"LoF; AF<1%",103,78,"Consensus_RVIS_MAF<1e-4_ExonTop70%_cate_2"
"372",1.0252935862692,0.205724007453767,0.0438800415949224,0.0286717182781307,"Damaging; AF<0.1%",2270,2214,"Consensus_PSD_MAF<1e-4_ExonTop50%_cate_5"
"373",1.0252935862692,0.205724007453767,0.044205858817804,0.0286759898474121,"Damaging; AF<0.1%",2270,2214,"Damaging_PSD_MAF<1e-4_ExonTop50%_cate_5"
"374",1.92307692307692,0.0364756942581153,0.50579410297924,0.0286980371773456,"LoF; AF<1%",25,13,"LoF_High_MAF<1e-4_ExonTop80%_cate_2"
"375",1.92307692307692,0.0364756942581153,0.505689387125308,0.0286980373104439,"LoF; AF<1%",25,13,"LoF_High_MAF<1e-3_ExonTop80%_cate_2"
"376",1.92307692307692,0.0364756942581153,0.505803099632726,0.0286980375190422,"LoF; AF<1%",25,13,"LoF_High_MAF<1e-2_ExonTop80%_cate_2"
"377",1.00713110257817,0.358417199840514,0.0249281600479588,0.0287754953098357,"Damaging; AF<0.1%",5508,5469,"Consensus_constraint gene_MAF<1e-2_AllExon_cate_5"
"378",1.00713110257817,0.358417199840514,0.0249605962435567,0.0287760061697927,"Damaging; AF<0.1%",5508,5469,"Consensus_constraint gene_MAF<1e-3_AllExon_cate_5"
"379",1.00713110257817,0.358417199840514,0.0252719146633992,0.028793086367939,"Damaging; AF<0.1%",5508,5469,"Damaging_constraint gene_MAF<1e-3_AllExon_cate_5"
"380",1.00713110257817,0.358417199840514,0.0252789536571602,0.0287937274234371,"Damaging; AF<0.1%",5508,5469,"Damaging_constraint gene_MAF<1e-2_AllExon_cate_5"
"381",1.33783783783784,0.0338692314557847,0.23739234294418,0.028857956479064,"LoF; AF<1%",99,74,"CADDtop10%_Haploinsuff_MAF<1e-4_ExonTop80%_cate_2"
"382",1.33783783783784,0.0338692314557847,0.23739234294418,0.028857956479064,"LoF; AF<1%",99,74,"Consensus_Haploinsuff_MAF<1e-4_ExonTop80%_cate_2"
"383",1.26724137931034,0.0320629633527741,0.190373461852591,0.0292594331834327,"LoF; AF<1%",147,116,"CADDtop10%_RVIS_MAF<1e-4_ExonTop50%_cate_2"
"384",1.08095952023988,0.0774141875311423,0.0799026172733105,0.0296606722325883,"Damaging; AF<0.1%",721,667,"CADDtop10%_PSD_MAF<1e-4_ExonTop60%_cate_5"
"385",1.40625,0.0217999682516677,0.255479234789882,0.0300366450898058,"LoF; AF<1%",90,64,"LoF_PSD_MAF<1e-4_ExonTop70%_cate_2"
"386",2.57142857142857,0.0216426253318787,0.62640808290441,0.0302865282744931,"LoF; AF<1%",18,7,"Consensus_High_MAF<1e-2_ExonTop70%_cate_2"
"387",2.57142857142857,0.0216426253318787,0.626408082904411,0.0302865282744932,"LoF; AF<1%",18,7,"CADDtop10%_High_MAF<1e-3_ExonTop70%_cate_2"
"388",2.57142857142857,0.0216426253318787,0.626408082904411,0.0302865282744932,"LoF; AF<1%",18,7,"Consensus_High_MAF<1e-4_ExonTop70%_cate_2"
"389",2.57142857142857,0.0216426253318787,0.62640808290441,0.0302865282744932,"LoF; AF<1%",18,7,"CADDtop10%_High_MAF<1e-2_ExonTop70%_cate_2"
"390",2.57142857142857,0.0216426253318787,0.62640808290441,0.0302865282744932,"LoF; AF<1%",18,7,"CADDtop10%_High_MAF<1e-4_ExonTop70%_cate_2"
"391",2.57142857142857,0.0216426253318787,0.62640808290441,0.0302865282744932,"LoF; AF<1%",18,7,"Consensus_High_MAF<1e-3_ExonTop70%_cate_2"
"392",1.01763750290091,0.210594809671201,0.0305538271467869,0.0304502259640116,"Damaging; AF<0.1%",4385,4309,"Consensus_FMRP_MAF<1e-4_ExonTop50%_cate_5"
"393",1.01763750290091,0.210594809671201,0.0307671021374971,0.0304632164079496,"Damaging; AF<0.1%",4385,4309,"Damaging_FMRP_MAF<1e-4_ExonTop50%_cate_5"
"394",1.4,0.0626728485942463,0.305976417559985,0.0327323293977711,"LoF; AF<1%",56,40,"Consensus_FMRP_MAF<1e-2_ExonTop80%_cate_2"
"395",1.4,0.0626728485942463,0.305976417559985,0.0327323293977713,"LoF; AF<1%",56,40,"Consensus_FMRP_MAF<1e-4_ExonTop80%_cate_2"
"396",1.4,0.0626728485942463,0.305976417559975,0.0327323293977714,"LoF; AF<1%",56,40,"Consensus_FMRP_MAF<1e-3_ExonTop80%_cate_2"
"397",1.4,0.0626728485942463,0.305976417559987,0.0327323293977714,"LoF; AF<1%",56,40,"CADDtop10%_FMRP_MAF<1e-2_ExonTop80%_cate_2"
"398",1.4,0.0626728485942463,0.305976417559987,0.0327323293977714,"LoF; AF<1%",56,40,"CADDtop10%_FMRP_MAF<1e-3_ExonTop80%_cate_2"
"399",1.4,0.0626728485942463,0.305976417559987,0.0327323293977714,"LoF; AF<1%",56,40,"CADDtop10%_FMRP_MAF<1e-4_ExonTop80%_cate_2"
"400",1.19422572178478,0.00576660430036227,0.248574186888784,0.0341936715623213,"Non-damaging; 0.1%<AF<1%",455,381,"Consensus_AutismKB_MAF<1e-2_ExonTop80%_cate_7"
"401",1.16756756756757,0.0669996438078866,0.149758108985199,0.0342343723358867,"LoF; AF<1%",216,185,"CADDtop10%_SCZ gene_MAF<1e-4_ExonTop50%_cate_2"
"402",1.07806080525883,0.0307875121599579,0.0565657505192397,0.0346792378797896,"Damaging; AF<0.1%",1312,1217,"Consensus_AutismKB_MAF<1e-4_AllExon_cate_5"
"403",1.07806080525883,0.0307875121599579,0.0568162467437485,0.0346809822819127,"Damaging; AF<0.1%",1312,1217,"Damaging_AutismKB_MAF<1e-4_AllExon_cate_5"
"404",1.61111111111111,0.0719325442202746,0.450371484416195,0.0347083294536088,"LoF; AF<1%",29,18,"CADDtop10%_Mod_MAF<1e-4_ExonTop50%_cate_2"
"405",1.16577540106952,0.0679693610959764,0.148258083399422,0.0351125413428424,"LoF; AF<1%",218,187,"Consensus_SCZ gene_MAF<1e-4_ExonTop50%_cate_2"
"406",1.08254716981132,0.126265303879298,0.0961977090949341,0.0363512678286626,"LoF; AF<1%",459,424,"Consensus_Haploinsuff_MAF<1e-3_AllExon_cate_2"
"407",1.45161290322581,0.0676925526497158,0.358436883747567,0.0365741312030941,"LoF; AF<1%",45,31,"CADDtop10%_Mod_MAF<1e-4_AllExon_cate_2"
"408",1.28301886792453,0.101462145275719,0.266536492195861,0.037180386596556,"LoF; AF<1%",68,53,"Consensus_SCZ gene_MAF<1e-2_ExonTop90%_cate_2"
"409",1.28301886792453,0.101462145275719,0.266536492195862,0.0371803865965566,"LoF; AF<1%",68,53,"CADDtop10%_SCZ gene_MAF<1e-2_ExonTop90%_cate_2"
"410",1.28301886792453,0.101462145275719,0.266536492195862,0.0371803865965566,"LoF; AF<1%",68,53,"CADDtop10%_SCZ gene_MAF<1e-3_ExonTop90%_cate_2"
"411",1.28301886792453,0.101462145275719,0.266536492195862,0.0371803865965566,"LoF; AF<1%",68,53,"Consensus_SCZ gene_MAF<1e-3_ExonTop90%_cate_2"
"412",1.30379746835443,0.0439700057022295,0.222658792403893,0.0387404803023667,"LoF; AF<1%",103,79,"Consensus_Haploinsuff_MAF<1e-3_ExonTop80%_cate_2"
"413",1.30379746835443,0.0439700057022295,0.222658792401594,0.0387404803023669,"LoF; AF<1%",103,79,"CADDtop10%_Haploinsuff_MAF<1e-2_ExonTop80%_cate_2"
"414",1.30379746835443,0.0439700057022295,0.222658792401712,0.038740480302367,"LoF; AF<1%",103,79,"CADDtop10%_Haploinsuff_MAF<1e-3_ExonTop80%_cate_2"
"415",1.30379746835443,0.0439700057022295,0.22265879239956,0.0387404803023671,"LoF; AF<1%",103,79,"Consensus_Haploinsuff_MAF<1e-2_ExonTop80%_cate_2"
"416",1.34,0.015382388492383,0.295562654758436,0.0392214398019007,"Non-damaging; AF<0.1%",134,100,"Consensus_Mod_MAF<1e-2_ExonTop90%_cate_8"
"417",1.34,0.015382388492383,0.295559702009251,0.0392214398104768,"Non-damaging; AF<0.1%",134,100,"Consensus_Mod_MAF<1e-3_ExonTop90%_cate_8"
"418",1.69565217391304,0.0279486133498557,0.427382993442904,0.0415021300464684,"LoF; AF<1%",39,23,"CADDtop10%_Mod_MAF<1e-3_ExonTop50%_cate_2"
"419",1.04612684883429,0.0213998184375797,0.0297053739008268,0.0419801982476762,"Damaging; AF<0.1%",4173,3989,"Consensus_Haploinsuff_MAF<1e-3_ExonTop90%_cate_5"
"420",1.04612684883429,0.0213998184375797,0.029708949745326,0.0419802024358966,"Damaging; AF<0.1%",4173,3989,"Consensus_Haploinsuff_MAF<1e-2_ExonTop90%_cate_5"
"421",1.04612684883429,0.0213998184375797,0.0300791968971799,0.0419958551525742,"Damaging; AF<0.1%",4173,3989,"Damaging_Haploinsuff_MAF<1e-3_ExonTop90%_cate_5"
"422",1.04612684883429,0.0213998184375797,0.0300828926104524,0.0419961633283826,"Damaging; AF<0.1%",4173,3989,"Damaging_Haploinsuff_MAF<1e-2_ExonTop90%_cate_5"
"423",1.19905213270142,0.0284371494193166,0.142092881572128,0.043850767236342,"LoF; AF<1%",253,211,"LoF_Mod_MAF<1e-2_AllExon_cate_2"
"424",1.04716981132075,0.291621455882307,0.055543691976102,0.0439069833651743,"Damaging; AF<0.1%",333,318,"CADDtop10%_ID gene_MAF<1e-2_ExonTop50%_cate_5"
"425",1.04716981132075,0.291621455882307,0.0555436900126379,0.0439069833651768,"Damaging; AF<0.1%",333,318,"CADDtop10%_ID gene_MAF<1e-3_ExonTop50%_cate_5"
"426",1.01756928092737,0.0979943182280953,0.017670089810202,0.044878953189721,"Damaging; AF<0.1%",11236,11042,"Consensus_Haploinsuff_MAF<1e-3_ExonTop70%_cate_5"
"427",1.01756928092737,0.0979943182280953,0.017696023439103,0.0448832012222246,"Damaging; AF<0.1%",11236,11042,"Consensus_Haploinsuff_MAF<1e-2_ExonTop70%_cate_5"
"428",1.01756928092737,0.0979943182280953,0.0180015925405386,0.044967480094488,"Damaging; AF<0.1%",11236,11042,"Damaging_Haploinsuff_MAF<1e-2_ExonTop70%_cate_5"
"429",1.01756928092737,0.0979943182280953,0.0180040262300143,0.0449684049554957,"Damaging; AF<0.1%",11236,11042,"Damaging_Haploinsuff_MAF<1e-3_ExonTop70%_cate_5"
"430",1.8,0.0924666710197926,0.526138935042107,0.0463769559540037,"LoF; AF<1%",18,10,"CADDtop10%_PSD_MAF<1e-3_ExonTop90%_cate_2"
"431",1.8,0.0924666710197926,0.526138935042107,0.0463769559540037,"LoF; AF<1%",18,10,"CADDtop10%_PSD_MAF<1e-4_ExonTop90%_cate_2"
"432",1.8,0.0924666710197926,0.526138935042106,0.0463769559540038,"LoF; AF<1%",18,10,"CADDtop10%_PSD_MAF<1e-2_ExonTop90%_cate_2"
"433",1.8,0.0924666710197926,0.526138935042106,0.0463769559540038,"LoF; AF<1%",18,10,"Consensus_PSD_MAF<1e-2_ExonTop90%_cate_2"
"434",1.8,0.0924666710197926,0.526138935042106,0.0463769559540038,"LoF; AF<1%",18,10,"Consensus_PSD_MAF<1e-3_ExonTop90%_cate_2"
"435",1.8,0.0924666710197926,0.526138935042106,0.0463769559540038,"LoF; AF<1%",18,10,"Consensus_PSD_MAF<1e-4_ExonTop90%_cate_2"
"436",1.05330490405117,0.219654028190398,0.0902382722318749,0.0484093171811913,"LoF; AF<1%",494,469,"Consensus_Haploinsuff_MAF<1e-2_AllExon_cate_2"
"437",1.01854838709677,0.330068357020958,0.034971561043256,0.0487707375278281,"Damaging; AF<0.1%",1263,1240,"Consensus_ID gene_MAF<1e-2_ExonTop50%_cate_5"
"438",1.01854838709677,0.330068357020958,0.0349833568464646,0.0487707798443554,"Damaging; AF<0.1%",1263,1240,"Consensus_ID gene_MAF<1e-3_ExonTop50%_cate_5"
"439",1.01854838709677,0.330068357020958,0.035171775699931,0.0487733524108271,"Damaging; AF<0.1%",1263,1240,"Damaging_ID gene_MAF<1e-3_ExonTop50%_cate_5"
"440",1.01854838709677,0.330068357020958,0.0351718474129025,0.0487733540686998,"Damaging; AF<0.1%",1263,1240,"Damaging_ID gene_MAF<1e-2_ExonTop50%_cate_5"
"441",1.42424242424242,0.072817727201491,0.331956111511051,0.0488579416155876,"LoF; AF<1%",47,33,"Consensus_Mod_MAF<1e-4_AllExon_cate_2"
"442",1.54285714285714,0.0278891638268671,0.30856183287128,0.0520687710117634,"LoF; AF<1%",54,35,"Consensus_constraint gene_MAF<1e-4_ExonTop80%_cate_2"
"443",1.40740740740741,0.0325432349943187,0.257826475501352,0.0520787654245229,"LoF; AF<1%",76,54,"LoF_PSD_MAF<1e-3_ExonTop80%_cate_2"
"444",1.40740740740741,0.0325432349943187,0.257828008932102,0.0520787659657958,"LoF; AF<1%",76,54,"LoF_PSD_MAF<1e-2_ExonTop80%_cate_2"
"445",1.53571428571429,0.0479618157054121,0.344963431608313,0.0527512048005456,"LoF; AF<1%",43,28,"Consensus_RVIS_MAF<1e-4_ExonTop90%_cate_2"
"446",1.53571428571429,0.0479618157054121,0.344963431608323,0.0527512048005456,"LoF; AF<1%",43,28,"CADDtop10%_RVIS_MAF<1e-4_ExonTop90%_cate_2"
"447",1.14420803782506,0.0231410486411994,0.201138772983142,0.060018598152257,"Non-damaging; 0.1%<AF<1%",484,423,"Consensus_AutismKB_MAF<1e-2_ExonTop70%_cate_7"
"448",1.625,0.0384629168048048,0.387320116441358,0.061791848816935,"LoF; AF<1%",39,24,"Consensus_Mod_MAF<1e-3_ExonTop50%_cate_2"
"449",1.02903434867142,0.0373446687601236,0.0197109052811981,0.0647053589222136,"Damaging; AF<0.1%",7939,7715,"Consensus_Haploinsuff_MAF<1e-3_ExonTop80%_cate_5"
"450",1.02903434867142,0.0373446687601236,0.019895721996713,0.0647509646820071,"Damaging; AF<0.1%",7939,7715,"Consensus_Haploinsuff_MAF<1e-2_ExonTop80%_cate_5"
"451",1.02903434867142,0.0373446687601236,0.0199823325143095,0.0647803395804641,"Damaging; AF<0.1%",7939,7715,"Damaging_Haploinsuff_MAF<1e-3_ExonTop80%_cate_5"
"452",1.02903434867142,0.0373446687601236,0.0199831219719836,0.0647806308429866,"Damaging; AF<0.1%",7939,7715,"Damaging_Haploinsuff_MAF<1e-2_ExonTop80%_cate_5"
"453",1.51428571428571,0.0346730218425323,0.294315769709485,0.0654907843966772,"LoF; AF<1%",53,35,"CADDtop10%_constraint gene_MAF<1e-4_ExonTop80%_cate_2"
"454",1.1034103410341,0.0167022596909397,0.046472950382095,0.0671072661738071,"Damaging; AF<0.1%",1003,909,"Consensus_AutismKB_MAF<1e-2_ExonTop60%_cate_5"
"455",1.1034103410341,0.0167022596909397,0.0464729811547429,0.0671072661741502,"Damaging; AF<0.1%",1003,909,"Consensus_AutismKB_MAF<1e-3_ExonTop60%_cate_5"
"456",1.1034103410341,0.0167022596909397,0.0466808970850618,0.0671092791077257,"Damaging; AF<0.1%",1003,909,"Damaging_AutismKB_MAF<1e-3_ExonTop60%_cate_5"
"457",1.1034103410341,0.0167022596909397,0.0466852851285293,0.0671093648846115,"Damaging; AF<0.1%",1003,909,"Damaging_AutismKB_MAF<1e-2_ExonTop60%_cate_5"
"458",1.04391163793103,0.0314491985173122,0.0278121367525176,0.0723537064419785,"Damaging; AF<0.1%",3875,3712,"CADDtop10%_Haploinsuff_MAF<1e-2_ExonTop60%_cate_5"
"459",1.04391163793103,0.0314491985173122,0.027844875006846,0.0723578650561718,"Damaging; AF<0.1%",3875,3712,"CADDtop10%_Haploinsuff_MAF<1e-3_ExonTop60%_cate_5"
"460",1.10591471801926,0.0260300374762308,0.0493835154020417,0.0746770891504735,"Damaging; AF<0.1%",804,727,"Consensus_AutismKB_MAF<1e-2_ExonTop70%_cate_5"
"461",1.10591471801926,0.0260300374762308,0.0493835154020739,0.0746770891504736,"Damaging; AF<0.1%",804,727,"Consensus_AutismKB_MAF<1e-3_ExonTop70%_cate_5"
"462",1.10591471801926,0.0260300374762308,0.0495810608611121,0.0746787378065812,"Damaging; AF<0.1%",804,727,"Damaging_AutismKB_MAF<1e-2_ExonTop70%_cate_5"
"463",1.10591471801926,0.0260300374762308,0.049581488232489,0.0746787449454497,"Damaging; AF<0.1%",804,727,"Damaging_AutismKB_MAF<1e-3_ExonTop70%_cate_5"
"464",1.07555555555556,0.0410640205193096,0.0397021569196029,0.0801397298007532,"Damaging; AF<0.1%",1210,1125,"Consensus_AutismKB_MAF<1e-3_ExonTop50%_cate_5"
"465",1.07555555555556,0.0410640205193096,0.0397021568429189,0.0801397298007629,"Damaging; AF<0.1%",1210,1125,"Consensus_AutismKB_MAF<1e-2_ExonTop50%_cate_5"
"466",1.07555555555556,0.0410640205193096,0.0399232919115959,0.0801432566438437,"Damaging; AF<0.1%",1210,1125,"Damaging_AutismKB_MAF<1e-2_ExonTop50%_cate_5"
"467",1.07555555555556,0.0410640205193096,0.0399261629276497,0.0801433486986312,"Damaging; AF<0.1%",1210,1125,"Damaging_AutismKB_MAF<1e-3_ExonTop50%_cate_5"
"468",1.42857142857143,0.0176055100899045,0.205671163799408,0.0826884736274592,"Damaging; AF<0.1%",90,63,"CADDtop10%_High_MAF<1e-4_ExonTop80%_cate_5"
"469",1.17553191489362,0.0114938806653397,0.125725882374539,0.0886842430534086,"Non-damaging; AF<0.1%",442,376,"Consensus_ID gene_MAF<1e-2_AllExon_cate_8"
"470",1.17553191489362,0.0114938806653397,0.12572613117549,0.0886842431050673,"Non-damaging; AF<0.1%",442,376,"Consensus_ID gene_MAF<1e-3_AllExon_cate_8"
"471",1.45,0.0427052945564022,0.259515609485319,0.0905602502737064,"LoF; AF<1%",58,40,"Consensus_constraint gene_MAF<1e-4_ExonTop70%_cate_2"
"472",1.1237721021611,0.0296408098701666,0.163765338792822,0.0927472141223156,"Non-damaging; 0.1%<AF<1%",572,509,"Consensus_AutismKB_MAF<1e-2_ExonTop60%_cate_7"
"473",1.06387035271687,0.021623707154905,0.0338894975714322,0.0929131257308437,"Damaging; AF<0.1%",2232,2098,"CADDtop10%_Haploinsuff_MAF<1e-3_ExonTop80%_cate_5"
"474",1.06387035271687,0.021623707154905,0.0339001572822832,0.0929131632270514,"Damaging; AF<0.1%",2232,2098,"CADDtop10%_Haploinsuff_MAF<1e-2_ExonTop80%_cate_5"
"475",1.17119565217391,0.0141077939151411,0.204535048131033,0.0932530630576429,"Non-damaging; 0.1%<AF<1%",431,368,"Consensus_AutismKB_MAF<1e-2_ExonTop90%_cate_7"
"476",1.475,0.0349502868474732,0.259849088041942,0.0959022584202983,"LoF; AF<1%",59,40,"Consensus_constraint gene_MAF<1e-2_ExonTop80%_cate_2"
"477",1.475,0.0349502868474732,0.259849088041942,0.0959022584202983,"LoF; AF<1%",59,40,"Consensus_constraint gene_MAF<1e-3_ExonTop80%_cate_2"
"478",1.41860465116279,0.0475218373997041,0.242642183731466,0.101713852036402,"LoF; AF<1%",61,43,"Consensus_constraint gene_MAF<1e-4_ExonTop50%_cate_2"
"479",1.30666666666667,0.0470573615077692,0.188235241472789,0.102401324383855,"LoF; AF<1%",98,75,"LoF_PSD_MAF<1e-2_ExonTop70%_cate_2"
"480",1.30666666666667,0.0470573615077692,0.188238241202128,0.102401328085321,"LoF; AF<1%",98,75,"LoF_PSD_MAF<1e-3_ExonTop70%_cate_2"
"481",1.24113475177305,0.0316132223134256,0.12977345339268,0.104071701529855,"Damaging; AF<0.1%",175,141,"Consensus_High_MAF<1e-4_ExonTop90%_cate_5"
"482",1.24113475177305,0.0316132223134256,0.129899236387149,0.104071891547369,"Damaging; AF<0.1%",175,141,"Damaging_High_MAF<1e-4_ExonTop90%_cate_5"
"483",1.16205533596838,0.0435610018650599,0.151660490396185,0.104516747339583,"Non-damaging; AF<0.1%",294,253,"Consensus_Mod_MAF<1e-3_ExonTop70%_cate_8"
"484",1.16205533596838,0.0435610018650599,0.151663254341113,0.104516747591967,"Non-damaging; AF<0.1%",294,253,"Consensus_Mod_MAF<1e-2_ExonTop70%_cate_8"
"485",1.45,0.0427052945564022,0.245552585317628,0.11765225974913,"LoF; AF<1%",58,40,"CADDtop10%_constraint gene_MAF<1e-2_ExonTop80%_cate_2"
"486",1.45,0.0427052945564022,0.245552585317326,0.11765225974913,"LoF; AF<1%",58,40,"CADDtop10%_constraint gene_MAF<1e-3_ExonTop80%_cate_2"
"487",1.29508196721311,0.0181406414881286,0.190905487899736,0.120909867446999,"Non-damaging; AF<0.1%",158,122,"Consensus_ID gene_MAF<1e-3_ExonTop70%_cate_8"
"488",1.29508196721311,0.0181406414881286,0.190907274013326,0.120909867463917,"Non-damaging; AF<0.1%",158,122,"Consensus_ID gene_MAF<1e-2_ExonTop70%_cate_8"
"489",1.3972602739726,0.0169972882989703,0.17758454791674,0.121481920913324,"Damaging; AF<0.1%",102,73,"CADDtop10%_High_MAF<1e-2_ExonTop80%_cate_5"
"490",1.3972602739726,0.0169972882989703,0.177584521859612,0.121481920913326,"Damaging; AF<0.1%",102,73,"CADDtop10%_High_MAF<1e-3_ExonTop80%_cate_5"
"491",1.51219512195122,0.0241168260854986,0.226956505479669,0.1293706676182,"Damaging; AF<0.1%",62,41,"CADDtop10%_High_MAF<1e-4_ExonTop90%_cate_5"
"492",1.41666666666667,0.0386311323053534,0.24320992485947,0.12963383613869,"LoF; AF<1%",68,48,"CADDtop10%_Mod_MAF<1e-3_AllExon_cate_2"
"493",1.51162790697674,0.0214036103996128,0.218682978576468,0.13926468110243,"Damaging; AF<0.1%",65,43,"CADDtop10%_High_MAF<1e-3_ExonTop90%_cate_5"
"494",1.51162790697674,0.0214036103996128,0.218682981528547,0.139264681102433,"Damaging; AF<0.1%",65,43,"CADDtop10%_High_MAF<1e-2_ExonTop90%_cate_5"
"495",1.05823863636364,0.0321219538240914,0.0243528533262011,0.157026215617656,"Damaging; AF<0.1%",2235,2112,"Consensus_AutismKB_MAF<1e-3_AllExon_cate_5"
"496",1.05823863636364,0.0321219538240914,0.0243556263636513,0.157026332614544,"Damaging; AF<0.1%",2235,2112,"Consensus_AutismKB_MAF<1e-2_AllExon_cate_5"
"497",1.05823863636364,0.0321219538240914,0.0246204123096796,0.157057626592568,"Damaging; AF<0.1%",2235,2112,"Damaging_AutismKB_MAF<1e-2_AllExon_cate_5"
"498",1.05823863636364,0.0321219538240914,0.0246236494243373,0.157058255314798,"Damaging; AF<0.1%",2235,2112,"Damaging_AutismKB_MAF<1e-3_AllExon_cate_5"
"499",1.4,0.0412037396637633,0.223358301278547,0.157254145470992,"LoF; AF<1%",70,50,"Consensus_Mod_MAF<1e-3_AllExon_cate_2"
"500",1.38775510204082,0.0478363575048023,0.198995960993577,0.172737424773613,"LoF; AF<1%",68,49,"Consensus_constraint gene_MAF<1e-3_ExonTop50%_cate_2"
"501",1.25714285714286,0.0455155528324683,0.164096077207551,0.184695553051559,"Non-damaging; AF<0.1%",132,105,"Consensus_ID gene_MAF<1e-3_ExonTop80%_cate_8"
"502",1.25714285714286,0.0455155528324683,0.164096091197915,0.18469555305156,"Non-damaging; AF<0.1%",132,105,"Consensus_ID gene_MAF<1e-2_ExonTop80%_cate_8"
"503",1.1042735042735,0.0436028309633481,0.0455860544261363,0.254719309535359,"Damaging; AF<0.1%",646,585,"Consensus_AutismKB_MAF<1e-4_ExonTop60%_cate_5"
"504",1.1042735042735,0.0436028309633481,0.0459202232006678,0.254732125325094,"Damaging; AF<0.1%",646,585,"Damaging_AutismKB_MAF<1e-4_ExonTop60%_cate_5"
"505",1.09406952965235,0.0221582888836315,2.02540579147407e-44,1,"Damaging; 0.1%<AF<1%",1070,978,"Damaging_ID gene_MAF<1e-2_ExonTop50%_cate_4"
"506",1.32142857142857,0.0311699921772599,4.09318340002625e-07,1,"Non-damaging; 0.1%<AF<1%",111,84,"CADDtop10%_ID gene_MAF<1e-2_AllExon_cate_7"
"507",1.09406952965235,0.0221582888836315,7.66056530886009e-61,1,"Damaging; 0.1%<AF<1%",1070,978,"Consensus_ID gene_MAF<1e-2_ExonTop50%_cate_4"
"508",1.11516314779271,0.0377354235741417,1.30993363334884e-55,1,"Non-damaging; 0.1%<AF<1%",581,521,"Consensus_ID gene_MAF<1e-2_AllExon_cate_7"
